epoch,circuit,blocks,depth,gates,cz_gates,estimated_duration_seconds
1,0,19,328,6528,1607,1.4140000000000012e-05
1,1,19,259,5663,1390,1.2420000000000003e-05
1,2,19,283,6046,1478,1.5396000000000027e-05
1,3,19,330,6196,1525,1.3596000000000008e-05
1,4,19,297,6415,1568,1.339600000000001e-05
1,5,19,315,6005,1467,1.3444000000000007e-05
1,6,19,281,5887,1439,1.299600000000001e-05
1,7,19,342,6728,1651,1.5124000000000015e-05
1,8,19,358,6660,1616,1.6048000000000027e-05
1,9,19,340,6298,1557,1.5276000000000025e-05
1,10,19,391,6678,1643,1.6164000000000023e-05
1,11,19,334,6184,1534,1.674800000000003e-05
1,12,19,358,6132,1506,1.4420000000000014e-05
1,13,19,323,6056,1488,1.4100000000000016e-05
1,14,19,309,6349,1539,1.4324000000000012e-05
1,15,19,324,6365,1567,1.4708000000000022e-05
1,16,19,295,6408,1564,1.3612000000000011e-05
1,17,19,277,5757,1394,1.339600000000001e-05
1,18,19,273,5772,1425,1.3172000000000005e-05
1,19,19,324,6470,1578,1.4260000000000011e-05
1,20,19,293,6159,1514,1.2876000000000005e-05
1,21,19,287,6103,1486,1.238e-05
1,22,19,367,6865,1673,1.410000000000001e-05
1,23,19,249,5744,1413,1.2268000000000002e-05
1,24,19,279,5885,1437,1.5668000000000027e-05
1,25,19,263,5485,1358,1.1787999999999998e-05
1,26,19,352,5933,1460,1.534000000000002e-05
1,27,19,277,6436,1578,1.3292000000000006e-05
1,28,19,357,6125,1491,1.482800000000002e-05
1,29,19,298,6244,1521,1.3364000000000008e-05
1,30,19,261,5832,1428,1.2628000000000003e-05
1,31,19,327,6548,1591,1.3236000000000007e-05
1,32,19,343,5987,1476,1.5124000000000015e-05
1,33,19,324,6340,1554,1.5492000000000027e-05
1,34,19,321,6131,1505,1.6236000000000025e-05
1,35,19,343,6708,1633,1.716400000000003e-05
1,36,19,288,6093,1476,1.3452000000000008e-05
1,37,19,350,6211,1520,1.4292000000000013e-05
1,38,19,295,5695,1393,1.2044e-05
1,39,19,352,6300,1548,1.4956000000000016e-05
1,40,19,302,6522,1605,1.3556000000000007e-05
1,41,19,331,7325,1777,1.449200000000002e-05
1,42,19,355,6200,1519,1.4324000000000014e-05
1,43,19,291,5769,1413,1.2812000000000004e-05
1,44,19,282,6125,1516,1.3916000000000012e-05
1,45,19,278,6044,1490,1.3268000000000004e-05
1,46,19,347,6306,1538,1.5188000000000016e-05
1,47,19,285,5969,1468,1.2748000000000002e-05
1,48,19,380,6265,1515,1.579600000000002e-05
1,49,19,361,6030,1478,1.554000000000002e-05
1,50,19,325,5836,1431,1.3356000000000007e-05
1,51,19,442,6409,1550,1.872400000000002e-05
1,52,19,323,6508,1596,1.4548000000000012e-05
1,53,19,297,6168,1505,1.5220000000000022e-05
1,54,19,363,6416,1564,1.4684000000000014e-05
1,55,19,323,6144,1497,1.3236000000000007e-05
1,56,19,320,6139,1490,1.4196000000000011e-05
1,57,19,292,6224,1511,1.3100000000000012e-05
1,58,19,353,6507,1594,1.3864000000000025e-05
1,59,19,298,5851,1443,1.3876000000000009e-05
1,60,19,336,6088,1492,1.3692000000000009e-05
1,61,19,375,6659,1648,1.5156000000000015e-05
1,62,19,314,6111,1495,1.4420000000000013e-05
1,63,19,315,6892,1659,1.410000000000001e-05
1,64,19,354,6309,1559,1.5556000000000022e-05
1,65,19,325,6605,1612,1.3292000000000006e-05
1,66,19,305,6195,1517,1.406800000000002e-05
1,67,19,302,6158,1530,1.3828000000000016e-05
1,68,19,298,5992,1466,1.3364000000000008e-05
1,69,19,387,5883,1443,1.541200000000002e-05
1,70,19,283,5640,1391,1.2508000000000003e-05
1,71,19,316,6334,1551,1.4012000000000011e-05
1,72,19,322,5756,1395,1.3236000000000007e-05
1,73,19,263,5577,1365,1.1787999999999998e-05
1,74,19,344,6162,1522,1.5036000000000015e-05
1,75,19,301,6234,1518,1.623600000000003e-05
1,76,19,283,5849,1442,1.4012000000000016e-05
1,77,19,357,6530,1577,1.4980000000000016e-05
1,78,19,328,6211,1532,1.4532000000000013e-05
1,79,19,332,6097,1509,1.4644000000000014e-05
1,80,19,277,5837,1442,1.3292000000000006e-05
1,81,19,345,6046,1491,1.5132000000000015e-05
1,82,19,293,5840,1425,1.3572000000000008e-05
1,83,19,271,6448,1558,1.2812000000000005e-05
1,84,19,308,6188,1510,1.4820000000000022e-05
1,85,19,332,6106,1519,1.3596000000000008e-05
1,86,19,300,6371,1559,1.2276000000000002e-05
1,87,19,255,5845,1451,1.403600000000002e-05
1,88,19,357,6379,1566,1.4652000000000015e-05
1,89,19,259,5756,1423,1.3804000000000014e-05
1,90,19,327,6042,1493,1.4532000000000013e-05
1,91,19,279,5712,1411,1.3268000000000004e-05
1,92,19,299,6217,1526,1.406800000000002e-05
1,93,19,272,6214,1526,1.2876000000000005e-05
1,94,19,343,6168,1517,1.4316000000000012e-05
1,95,19,274,5875,1445,1.2387999999999999e-05
1,96,19,297,6243,1516,1.2940000000000007e-05
1,97,19,278,6647,1622,1.3708000000000013e-05
1,98,19,347,6523,1600,1.5100000000000016e-05
1,99,19,283,6247,1526,1.3356000000000007e-05
1,100,19,324,6607,1622,1.396400000000001e-05
1,101,19,335,6262,1526,1.5348000000000016e-05
1,102,19,335,6470,1588,1.4644000000000014e-05
1,103,19,364,6384,1581,1.573200000000002e-05
1,104,19,305,6812,1648,1.5908000000000028e-05
1,105,19,322,5912,1470,1.4196000000000011e-05
1,106,19,283,6082,1505,1.2652000000000002e-05
1,107,19,283,6107,1511,1.3820000000000012e-05
1,108,19,275,6054,1485,1.2268000000000002e-05
1,109,19,278,5932,1464,1.304000000000002e-05
1,110,19,299,6332,1527,1.3900000000000011e-05
1,111,19,325,5760,1393,1.363600000000001e-05
1,112,19,397,6385,1566,1.5836000000000023e-05
1,113,19,248,5554,1386,1.2148e-05
1,114,19,329,6354,1554,1.3604000000000007e-05
1,115,19,326,6480,1580,1.569600000000003e-05
1,116,19,302,6173,1509,1.7172000000000038e-05
1,117,19,282,6310,1544,1.2876000000000005e-05
1,118,19,281,5960,1473,1.2508000000000003e-05
1,119,19,332,5935,1464,1.3188000000000008e-05
1,120,19,325,6010,1464,1.2996000000000006e-05
1,121,19,267,5649,1391,1.2396e-05
1,122,19,323,6562,1620,1.598400000000003e-05
1,123,19,317,5988,1474,1.4012000000000011e-05
1,124,19,326,6492,1578,1.7300000000000038e-05
1,125,19,255,5537,1351,1.2364000000000002e-05
1,126,19,322,5928,1453,1.3708000000000013e-05
1,127,19,366,5768,1417,1.6140000000000025e-05
1,128,19,321,5992,1464,1.4108000000000011e-05
1,129,19,272,5947,1465,1.2876000000000005e-05
1,130,19,321,5852,1440,1.3708000000000013e-05
1,131,19,317,6487,1595,1.410000000000001e-05
1,132,19,285,5966,1466,1.2748000000000002e-05
1,133,19,295,6062,1482,1.3052000000000006e-05
1,134,14,235,4058,1004,1.1603999999999996e-05
2,0,19,257,5820,1419,1.3300000000000013e-05
2,1,19,295,6170,1495,1.478800000000002e-05
2,2,19,318,5880,1451,1.4596000000000012e-05
2,3,19,343,6426,1562,1.5036000000000015e-05
2,4,19,268,5968,1474,1.2748000000000004e-05
2,5,19,354,6308,1548,1.5164000000000016e-05
2,6,19,359,6050,1476,1.4100000000000016e-05
2,7,19,307,5663,1388,1.4028000000000012e-05
2,8,19,299,5805,1431,1.3796000000000015e-05
2,9,19,354,6484,1592,1.4324000000000014e-05
2,10,19,268,5901,1447,1.2812000000000005e-05
2,11,19,287,6027,1491,1.3492000000000014e-05
2,12,19,293,6068,1504,1.2356000000000002e-05
2,13,19,302,6322,1548,1.3556000000000007e-05
2,14,19,352,5526,1361,1.4260000000000013e-05
2,15,19,340,7021,1708,1.4140000000000012e-05
2,16,19,356,6651,1624,1.552400000000002e-05
2,17,19,293,6057,1489,1.4036000000000016e-05
2,18,19,276,6080,1488,1.3292000000000006e-05
2,19,19,356,6288,1542,1.5436000000000016e-05
2,20,19,285,6635,1620,1.238e-05
2,21,19,286,6101,1474,1.3748000000000018e-05
2,22,19,355,6062,1475,1.4324000000000014e-05
2,23,19,354,6021,1480,1.4324000000000014e-05
2,24,19,354,6230,1534,1.4324000000000014e-05
2,25,19,335,6039,1484,1.4804000000000014e-05
2,26,19,389,6147,1532,1.6908000000000025e-05
2,27,19,387,6573,1600,1.6612000000000027e-05
2,28,19,296,6021,1477,1.3228000000000006e-05
2,29,19,332,6180,1507,1.3596000000000008e-05
2,30,19,325,5569,1371,1.4436000000000012e-05
2,31,19,312,5894,1453,1.6724000000000035e-05
2,32,19,352,6453,1572,1.534000000000002e-05
2,33,19,390,6199,1506,1.4488000000000031e-05
2,34,19,332,5951,1474,1.3596000000000008e-05
2,35,19,291,6437,1563,1.3828000000000016e-05
2,36,19,298,6167,1517,1.297200000000001e-05
2,37,19,388,6441,1578,1.6524000000000023e-05
2,38,19,352,6354,1564,1.5460000000000018e-05
2,39,19,332,6475,1577,1.410000000000001e-05
2,40,19,328,6817,1661,1.5396000000000023e-05
2,41,19,320,6590,1615,1.4260000000000011e-05
2,42,19,323,6419,1585,1.3068000000000006e-05
2,43,19,353,6649,1624,1.4148000000000014e-05
2,44,19,271,5965,1475,1.2908000000000006e-05
2,45,19,306,6581,1603,1.4028000000000012e-05
2,46,19,316,6897,1672,1.4820000000000019e-05
2,47,19,312,6305,1549,1.3684000000000008e-05
2,48,19,322,5143,1267,1.3060000000000007e-05
2,49,19,284,5951,1465,1.4772000000000022e-05
2,50,19,328,6793,1672,1.4532000000000013e-05
2,51,19,340,6828,1664,1.372400000000001e-05
2,52,19,320,6630,1601,1.4108000000000011e-05
2,53,19,324,5995,1462,1.4092000000000012e-05
2,54,19,321,6593,1625,1.4508000000000014e-05
2,55,19,323,6286,1536,1.3316000000000013e-05
2,56,19,351,6292,1553,1.5196000000000017e-05
2,57,19,278,6118,1501,1.4164000000000015e-05
2,58,19,271,6177,1511,1.2812000000000005e-05
2,59,19,325,6244,1524,1.7868000000000033e-05
2,60,19,346,6002,1468,1.5188000000000016e-05
2,61,19,354,6435,1588,1.4180000000000013e-05
2,62,19,335,6601,1614,1.381200000000001e-05
2,63,19,300,6024,1487,1.3900000000000011e-05
2,64,19,387,6093,1487,1.6644000000000026e-05
2,65,19,357,6130,1512,1.7508000000000036e-05
2,66,19,354,6804,1671,1.5460000000000018e-05
2,67,19,286,5975,1457,1.3236000000000005e-05
2,68,19,309,5696,1414,1.3676000000000008e-05
2,69,19,329,6157,1491,1.4532000000000013e-05
2,70,19,307,6182,1528,1.3676000000000008e-05
2,71,19,387,6673,1621,1.6612000000000027e-05
2,72,19,355,6422,1560,1.4324000000000014e-05
2,73,19,315,5689,1415,1.4012000000000011e-05
2,74,19,375,6881,1696,1.6708000000000027e-05
2,75,19,276,6019,1482,1.339600000000001e-05
2,76,19,321,6431,1588,1.372400000000001e-05
2,77,19,297,6217,1507,1.3484000000000007e-05
2,78,19,360,6341,1546,1.4140000000000012e-05
2,79,19,326,6371,1567,1.4436000000000012e-05
2,80,19,351,5726,1397,1.4084000000000013e-05
2,81,19,294,5969,1474,1.3412000000000013e-05
2,82,19,323,6080,1507,1.3068000000000006e-05
2,83,19,332,6529,1575,1.4564000000000013e-05
2,84,19,398,6611,1603,1.7036000000000028e-05
2,85,19,346,6629,1610,1.5188000000000016e-05
2,86,19,302,6353,1560,1.5300000000000023e-05
2,87,19,326,6172,1509,1.3268000000000004e-05
2,88,19,300,6553,1618,1.4812000000000018e-05
2,89,19,302,6284,1564,1.2876000000000003e-05
2,90,19,337,6484,1549,1.5972000000000026e-05
2,91,19,292,6494,1592,1.4580000000000018e-05
2,92,19,321,5759,1416,1.3236000000000007e-05
2,93,19,291,5712,1408,1.2452000000000002e-05
2,94,19,353,6789,1654,1.4156000000000013e-05
2,95,19,266,6227,1515,1.3684000000000015e-05
2,96,19,304,6216,1525,1.3908000000000012e-05
2,97,19,303,5833,1454,1.3388000000000006e-05
2,98,19,324,6408,1580,1.4388000000000012e-05
2,99,19,354,7039,1712,1.8508000000000027e-05
2,100,19,320,6342,1568,1.3652000000000008e-05
2,101,19,277,5893,1456,1.419600000000002e-05
2,102,19,287,6139,1505,1.339600000000001e-05
2,103,19,313,6522,1581,1.4420000000000013e-05
2,104,19,335,6059,1478,1.4564000000000013e-05
2,105,19,416,6629,1616,1.6532000000000024e-05
2,106,19,261,5729,1411,1.2148e-05
2,107,19,249,5979,1469,1.4100000000000016e-05
2,108,19,277,6349,1548,1.4196000000000016e-05
2,109,19,282,5832,1452,1.3316000000000013e-05
2,110,19,269,5964,1460,1.2484000000000003e-05
2,111,19,327,6284,1509,1.7012000000000036e-05
2,112,19,332,5847,1444,1.5316000000000017e-05
2,113,19,300,6831,1678,1.5628000000000024e-05
2,114,19,328,6101,1495,1.587200000000003e-05
2,115,19,325,6138,1514,1.4436000000000012e-05
2,116,19,322,5894,1450,1.3804000000000014e-05
2,117,19,337,6616,1603,1.5348000000000016e-05
2,118,19,328,6452,1577,1.6276000000000032e-05
2,119,19,321,6678,1636,1.3236000000000007e-05
2,120,19,361,6585,1603,1.562000000000002e-05
2,121,19,356,6158,1515,1.552400000000002e-05
2,122,19,323,5943,1465,1.3900000000000011e-05
2,123,19,355,6540,1599,1.4260000000000011e-05
2,124,19,269,6066,1466,1.4556000000000021e-05
2,125,19,281,6219,1522,1.3556000000000014e-05
2,126,19,351,6776,1657,1.5036000000000015e-05
2,127,19,295,6036,1484,1.4916000000000026e-05
2,128,19,299,6641,1625,1.4556000000000021e-05
2,129,19,324,6574,1609,1.4164000000000015e-05
2,130,19,321,5785,1417,1.4100000000000016e-05
2,131,19,329,6448,1579,1.4436000000000012e-05
2,132,19,269,5785,1436,1.3828000000000016e-05
2,133,19,301,6315,1551,1.3972000000000015e-05
2,134,14,298,4158,1024,1.3452000000000008e-05
3,0,19,303,5921,1453,1.6940000000000034e-05
3,1,19,352,7022,1711,1.534000000000002e-05
3,2,19,331,6354,1554,1.3364000000000008e-05
3,3,19,321,6221,1507,1.3236000000000007e-05
3,4,19,336,6105,1506,1.4972000000000015e-05
3,5,19,295,6773,1650,1.3556000000000014e-05
3,6,19,426,6284,1536,1.751600000000003e-05
3,7,19,389,6486,1593,1.6908000000000025e-05
3,8,19,328,6443,1576,1.4532000000000013e-05
3,9,19,349,6344,1536,1.554000000000002e-05
3,10,19,329,6353,1569,1.3332000000000007e-05
3,11,19,310,6704,1637,1.5628000000000024e-05
3,12,19,371,6307,1527,1.586000000000002e-05
3,13,19,296,5878,1440,1.3052000000000006e-05
3,14,19,294,5973,1473,1.3348000000000005e-05
3,15,19,293,5995,1466,1.3300000000000006e-05
3,16,19,328,6363,1551,1.4100000000000016e-05
3,17,19,267,6337,1551,1.2628000000000003e-05
3,18,19,323,5921,1455,1.3068000000000006e-05
3,19,19,315,6061,1476,1.410000000000001e-05
3,20,19,320,6629,1613,1.4196000000000011e-05
3,21,19,332,5828,1435,1.3596000000000008e-05
3,22,19,346,6925,1700,1.4260000000000013e-05
3,23,19,366,6065,1483,1.7488000000000016e-05
3,24,19,282,6086,1505,1.3444000000000007e-05
3,25,19,317,6200,1527,1.4508000000000013e-05
3,26,19,358,6546,1615,1.5276000000000025e-05
3,27,19,379,6540,1606,1.534800000000002e-05
3,28,19,281,6097,1485,1.3356000000000007e-05
3,29,19,353,6182,1531,1.485200000000002e-05
3,30,19,317,6325,1545,1.4324000000000012e-05
3,31,19,309,5690,1417,1.3532000000000009e-05
3,32,19,332,6876,1691,1.4564000000000013e-05
3,33,19,389,7208,1770,1.5460000000000018e-05
3,34,19,346,6061,1470,1.5100000000000016e-05
3,35,19,341,6603,1623,1.7140000000000032e-05
3,36,19,309,6948,1703,1.4100000000000016e-05
3,37,19,323,6328,1552,1.4644000000000021e-05
3,38,19,256,5514,1344,1.3924000000000016e-05
3,39,19,326,6490,1601,1.4068000000000015e-05
3,40,19,325,6359,1566,1.4228000000000012e-05
3,41,19,325,6330,1550,1.4196000000000011e-05
3,42,19,349,6965,1681,1.4556000000000014e-05
3,43,19,272,6031,1461,1.2908000000000006e-05
3,44,19,361,6680,1629,1.558800000000002e-05
3,45,19,323,6076,1503,1.419600000000002e-05
3,46,19,390,6430,1569,1.6708000000000027e-05
3,47,19,349,6399,1556,1.4260000000000013e-05
3,48,19,356,6629,1619,1.552400000000002e-05
3,49,19,323,5731,1430,1.354000000000001e-05
3,50,19,334,6637,1618,1.4564000000000013e-05
3,51,19,301,6083,1502,1.3556000000000007e-05
3,52,19,357,6392,1556,1.5124000000000016e-05
3,53,19,308,6247,1526,1.403600000000001e-05
3,54,19,264,5381,1341,1.2259999999999998e-05
3,55,19,412,6448,1581,1.763600000000003e-05
3,56,19,315,5857,1422,1.4012000000000011e-05
3,57,19,363,6781,1657,1.576400000000002e-05
3,58,19,329,6646,1610,1.4532000000000013e-05
3,59,19,395,7004,1707,1.5884000000000023e-05
3,60,19,295,6558,1601,1.2396000000000003e-05
3,61,19,303,6494,1598,1.4260000000000011e-05
3,62,19,353,6272,1538,1.5164000000000016e-05
3,63,19,329,5967,1475,1.4532000000000013e-05
3,64,19,323,6120,1499,1.3236000000000007e-05
3,65,19,312,6620,1619,1.3708000000000013e-05
3,66,19,356,6725,1645,1.552400000000002e-05
3,67,19,327,5710,1405,1.3132000000000007e-05
3,68,19,324,5919,1449,1.4436000000000012e-05
3,69,19,270,5846,1431,1.4740000000000022e-05
3,70,19,298,6390,1555,1.2268000000000002e-05
3,71,19,346,6269,1545,1.5180000000000022e-05
3,72,19,336,6275,1529,1.3692000000000009e-05
3,73,19,336,5813,1450,1.3692000000000009e-05
3,74,19,291,6181,1505,1.2652000000000004e-05
3,75,19,320,6400,1573,1.4196000000000016e-05
3,76,19,332,6311,1539,1.3492000000000009e-05
3,77,19,344,6604,1625,1.553200000000002e-05
3,78,19,332,6436,1585,1.3596000000000008e-05
3,79,19,270,5927,1437,1.2876000000000005e-05
3,80,19,355,6565,1599,1.4436000000000012e-05
3,81,19,323,6721,1656,1.4340000000000017e-05
3,82,19,340,6401,1564,1.372400000000001e-05
3,83,19,299,6424,1565,1.393200000000001e-05
3,84,19,364,6267,1526,1.7868000000000033e-05
3,85,19,297,5949,1454,1.4564000000000022e-05
3,86,19,331,6383,1556,1.4060000000000011e-05
3,87,19,381,6099,1503,1.4888000000000031e-05
3,88,19,399,6637,1614,1.6372000000000022e-05
3,89,19,350,6604,1619,1.528400000000002e-05
3,90,19,356,6034,1469,1.4356000000000015e-05
3,91,19,327,6000,1471,1.6016000000000028e-05
3,92,19,334,6729,1651,1.6144000000000024e-05
3,93,19,301,5889,1436,1.3780000000000009e-05
3,94,19,272,5707,1418,1.2524000000000002e-05
3,95,19,287,6121,1487,1.3452000000000008e-05
3,96,19,327,6240,1530,1.359600000000001e-05
3,97,19,360,5772,1424,1.558800000000002e-05
3,98,19,277,5632,1376,1.3292000000000006e-05
3,99,19,323,5974,1465,1.4564000000000022e-05
3,100,19,343,6396,1573,1.5036000000000015e-05
3,101,19,302,6674,1626,1.396400000000001e-05
3,102,19,309,5780,1414,1.4324000000000012e-05
3,103,19,299,6636,1621,1.3556000000000007e-05
3,104,19,282,6316,1554,1.3356000000000007e-05
3,105,19,328,6546,1605,1.361200000000001e-05
3,106,19,329,6294,1548,1.3332000000000007e-05
3,107,19,407,6496,1593,1.7364000000000026e-05
3,108,19,290,6636,1625,1.3172000000000005e-05
3,109,19,281,6400,1561,1.5492000000000027e-05
3,110,19,353,6272,1547,1.4148000000000014e-05
3,111,19,294,6393,1561,1.426000000000002e-05
3,112,19,325,6579,1620,1.3452000000000011e-05
3,113,19,296,5751,1408,1.3356000000000007e-05
3,114,19,281,5995,1463,1.3388000000000006e-05
3,115,19,385,6714,1638,1.523600000000002e-05
3,116,19,336,6549,1605,1.5116000000000018e-05
3,117,19,348,6847,1661,1.5188000000000016e-05
3,118,19,266,5890,1446,1.2396e-05
3,119,19,349,6768,1644,1.369200000000001e-05
3,120,19,306,6108,1508,1.3972000000000011e-05
3,121,19,326,6075,1488,1.4436000000000012e-05
3,122,19,315,5955,1456,1.5220000000000022e-05
3,123,19,402,6501,1601,1.5900000000000024e-05
3,124,19,263,5683,1392,1.2308000000000008e-05
3,125,19,361,6613,1603,1.5132000000000015e-05
3,126,19,308,6059,1496,1.3532000000000009e-05
3,127,19,316,6114,1507,1.410000000000001e-05
3,128,19,323,5860,1447,1.407600000000001e-05
3,129,19,327,6225,1527,1.3364000000000008e-05
3,130,19,332,6467,1585,1.3228000000000008e-05
3,131,19,272,6190,1509,1.4068000000000015e-05
3,132,19,322,6664,1624,1.383600000000001e-05
3,133,19,324,6394,1595,1.3532000000000009e-05
3,134,14,275,4422,1086,1.2148e-05
4,0,19,330,6296,1531,1.3708000000000013e-05
4,1,19,316,6270,1542,1.410000000000001e-05
4,2,19,340,6238,1534,1.372400000000001e-05
4,3,19,383,6219,1528,1.6428000000000023e-05
4,4,19,332,6917,1690,1.4644000000000014e-05
4,5,19,290,6101,1502,1.3484000000000008e-05
4,6,19,293,6558,1581,1.3292000000000006e-05
4,7,19,320,6608,1613,1.410000000000001e-05
4,8,19,300,6228,1542,1.5628000000000024e-05
4,9,19,342,6938,1685,1.5036000000000015e-05
4,10,19,255,5877,1445,1.2364000000000002e-05
4,11,19,329,6552,1608,1.4532000000000013e-05
4,12,19,300,6582,1614,1.3292000000000006e-05
4,13,19,350,6569,1603,1.5252000000000016e-05
4,14,19,294,6186,1498,1.2556000000000003e-05
4,15,19,333,6625,1613,1.708400000000003e-05
4,16,19,330,6120,1513,1.4932000000000016e-05
4,17,19,366,6210,1531,1.4748000000000015e-05
4,18,19,363,6845,1664,1.4196000000000016e-05
4,19,19,282,5927,1467,1.297200000000001e-05
4,20,19,345,6826,1672,1.562000000000002e-05
4,21,19,271,6111,1501,1.1923999999999996e-05
4,22,19,352,5941,1466,1.5460000000000018e-05
4,23,19,348,6378,1562,1.485200000000002e-05
4,24,19,363,6559,1613,1.4684000000000014e-05
4,25,19,300,6031,1470,1.3876000000000009e-05
4,26,19,273,6072,1476,1.292400000000001e-05
4,27,19,336,6026,1473,1.4708000000000014e-05
4,28,19,358,5857,1442,1.4244000000000013e-05
4,29,19,320,6171,1511,1.4196000000000011e-05
4,30,19,306,6057,1476,1.5724000000000024e-05
4,31,19,327,5977,1475,1.410000000000001e-05
4,32,19,327,6138,1512,1.3332000000000007e-05
4,33,19,343,6340,1557,1.4684000000000016e-05
4,34,19,329,7108,1729,1.5300000000000023e-05
4,35,19,355,6665,1635,1.689600000000002e-05
4,36,19,270,6391,1558,1.3164000000000012e-05
4,37,19,323,6121,1499,1.4228000000000017e-05
4,38,19,334,6249,1513,1.3828000000000016e-05
4,39,19,327,6653,1643,1.4140000000000012e-05
4,40,19,361,7319,1794,1.708400000000003e-05
4,41,19,277,6127,1512,1.3292000000000006e-05
4,42,19,336,6650,1635,1.5396000000000023e-05
4,43,19,358,6317,1534,1.3676000000000011e-05
4,44,19,351,6628,1628,1.4556000000000013e-05
4,45,19,294,6092,1501,1.383600000000001e-05
4,46,19,357,7004,1725,1.4620000000000014e-05
4,47,19,293,5962,1462,1.4100000000000016e-05
4,48,19,280,6109,1500,1.3828000000000016e-05
4,49,19,323,6211,1515,1.3236000000000007e-05
4,50,19,325,6529,1618,1.4140000000000012e-05
4,51,19,310,6012,1499,1.4324000000000012e-05
4,52,19,324,6324,1538,1.4436000000000012e-05
4,53,19,281,6457,1571,1.3356000000000007e-05
4,54,19,351,6053,1487,1.528400000000002e-05
4,55,19,281,5884,1459,1.2508000000000003e-05
4,56,19,298,6194,1511,1.3364000000000008e-05
4,57,19,302,6380,1552,1.396400000000001e-05
4,58,19,299,6495,1586,1.3332000000000006e-05
4,59,19,333,6791,1671,1.4676000000000013e-05
4,60,19,331,6831,1672,1.4564000000000022e-05
4,61,19,370,7042,1715,1.4764000000000015e-05
4,62,19,327,6534,1603,1.579600000000003e-05
4,63,19,363,6222,1533,1.4684000000000014e-05
4,64,19,299,6817,1663,1.3900000000000011e-05
4,65,19,316,6306,1551,1.6140000000000025e-05
4,66,19,393,6615,1612,1.6852000000000024e-05
4,67,19,323,6295,1542,1.3828000000000016e-05
4,68,19,289,5490,1358,1.2452000000000002e-05
4,69,19,263,6161,1511,1.2019999999999997e-05
4,70,19,296,6324,1538,1.3052000000000006e-05
4,71,19,396,7230,1768,1.6972000000000027e-05
4,72,19,323,6366,1554,1.386800000000001e-05
4,73,19,330,6585,1617,1.410000000000001e-05
4,74,19,287,6200,1492,1.3364000000000008e-05
4,75,19,334,6674,1610,1.5052000000000016e-05
4,76,19,278,6016,1472,1.3236000000000005e-05
4,77,19,315,6030,1478,1.4012000000000011e-05
4,78,19,333,6308,1553,1.4564000000000013e-05
4,79,19,360,6144,1514,1.562000000000002e-05
4,80,19,315,5998,1482,1.410000000000001e-05
4,81,19,336,6122,1503,1.5116000000000018e-05
4,82,19,394,6401,1559,1.5312000000000032e-05
4,83,19,280,6006,1467,1.3684000000000015e-05
4,84,19,327,7006,1699,1.6844000000000034e-05
4,85,19,273,6191,1508,1.4196000000000016e-05
4,86,19,353,5939,1456,1.5668000000000027e-05
4,87,19,330,6160,1495,1.3596000000000008e-05
4,88,19,346,6548,1594,1.5188000000000016e-05
4,89,19,385,7013,1717,1.5388000000000026e-05
4,90,19,351,6395,1580,1.4148000000000014e-05
4,91,19,264,6199,1508,1.2692000000000003e-05
4,92,19,346,6418,1592,1.7468000000000037e-05
4,93,19,325,6413,1579,1.3556000000000007e-05
4,94,19,301,6576,1628,1.647600000000003e-05
4,95,19,415,6371,1557,1.5864000000000026e-05
4,96,19,323,6465,1588,1.354000000000001e-05
4,97,19,303,5837,1441,1.3556000000000007e-05
4,98,19,319,6689,1632,1.4596000000000012e-05
4,99,19,345,6617,1626,1.4828000000000015e-05
4,100,19,297,5974,1457,1.378000000000001e-05
4,101,19,271,6170,1520,1.2876000000000005e-05
4,102,19,315,5948,1474,1.4012000000000011e-05
4,103,19,297,6125,1501,1.2908000000000006e-05
4,104,19,309,6535,1594,1.3684000000000008e-05
4,105,19,377,6347,1547,1.5172000000000018e-05
4,106,19,316,6368,1561,1.4012000000000011e-05
4,107,19,355,6030,1492,1.4148000000000014e-05
4,108,19,317,6084,1499,1.3956000000000015e-05
4,109,19,265,5717,1409,1.3804000000000014e-05
4,110,19,297,6246,1526,1.4068000000000015e-05
4,111,19,384,6900,1666,1.587200000000003e-05
4,112,19,325,6204,1515,1.4436000000000012e-05
4,113,19,297,6042,1491,1.3052000000000006e-05
4,114,19,321,6598,1606,1.3556000000000014e-05
4,115,19,328,6711,1642,1.5628000000000024e-05
4,116,19,297,5777,1420,1.3172000000000005e-05
4,117,19,295,6000,1485,1.3716000000000009e-05
4,118,19,386,6300,1531,1.707600000000003e-05
4,119,19,275,6179,1517,1.2884000000000006e-05
4,120,19,280,5584,1385,1.3004000000000006e-05
4,121,19,366,6480,1582,1.4320000000000027e-05
4,122,19,342,6370,1561,1.5124000000000015e-05
4,123,19,388,6694,1642,1.4872000000000031e-05
4,124,19,276,5970,1473,1.3292000000000006e-05
4,125,19,297,6193,1514,1.5124000000000022e-05
4,126,19,355,7178,1758,1.5556000000000022e-05
4,127,19,380,6373,1562,1.5100000000000016e-05
4,128,19,352,6625,1619,1.5196000000000017e-05
4,129,19,326,6307,1542,1.3652000000000014e-05
4,130,19,360,6986,1703,1.4868000000000014e-05
4,131,19,355,6965,1709,1.552400000000002e-05
4,132,19,335,6984,1700,1.3692000000000009e-05
4,133,19,346,6225,1537,1.6592000000000023e-05
4,134,14,325,4715,1144,1.3236000000000007e-05
5,0,19,331,6482,1604,1.3740000000000009e-05
5,1,19,297,5968,1464,1.298800000000001e-05
5,2,19,325,6563,1619,1.4140000000000012e-05
5,3,19,301,6110,1512,1.5628000000000024e-05
5,4,19,359,6270,1537,1.7072000000000015e-05
5,5,19,303,6457,1569,1.3820000000000012e-05
5,6,19,281,6213,1504,1.3356000000000007e-05
5,7,19,412,6821,1669,1.7428000000000027e-05
5,8,19,300,6237,1527,1.3364000000000008e-05
5,9,19,342,6348,1548,1.5036000000000015e-05
5,10,19,355,6348,1548,1.7508000000000036e-05
5,11,19,334,6247,1511,1.4700000000000017e-05
5,12,19,322,6375,1559,1.3236000000000007e-05
5,13,19,293,6090,1489,1.2692000000000003e-05
5,14,19,323,6137,1499,1.4436000000000012e-05
5,15,19,316,6671,1633,1.410000000000001e-05
5,16,19,305,6247,1545,1.5668000000000027e-05
5,17,19,314,6283,1523,1.4420000000000013e-05
5,18,19,341,6459,1599,1.5124000000000015e-05
5,19,19,299,5970,1467,1.384400000000001e-05
5,20,19,296,6224,1522,1.4068000000000015e-05
5,21,19,333,6546,1604,1.4372000000000012e-05
5,22,19,327,6593,1612,1.3356000000000007e-05
5,23,19,316,5799,1437,1.410000000000001e-05
5,24,19,302,6525,1598,1.448000000000003e-05
5,25,19,325,6309,1547,1.4068000000000015e-05
5,26,19,296,5759,1410,1.3052000000000006e-05
5,27,19,285,6670,1603,1.2972000000000006e-05
5,28,19,325,5966,1462,1.6956000000000032e-05
5,29,19,267,6193,1527,1.2748000000000004e-05
5,30,19,310,6212,1530,1.3676000000000008e-05
5,31,19,355,6693,1630,1.5316000000000017e-05
5,32,19,324,6528,1587,1.3356000000000007e-05
5,33,19,305,6488,1592,1.4260000000000011e-05
5,34,19,345,6705,1624,1.5188000000000016e-05
5,35,19,352,6794,1663,1.4148000000000014e-05
5,36,19,277,6204,1507,1.3292000000000006e-05
5,37,19,361,6501,1604,1.3992000000000026e-05
5,38,19,316,6374,1580,1.410000000000001e-05
5,39,19,358,6241,1527,1.4620000000000014e-05
5,40,19,323,6572,1590,1.4092000000000012e-05
5,41,19,332,5931,1462,1.674800000000003e-05
5,42,19,324,6496,1591,1.4012000000000011e-05
5,43,19,303,6644,1632,1.3556000000000007e-05
5,44,19,362,6391,1588,1.4684000000000014e-05
5,45,19,316,5616,1380,1.4540000000000013e-05
5,46,19,357,6609,1609,1.4252000000000014e-05
5,47,19,327,6540,1610,1.3484000000000007e-05
5,48,19,395,6189,1525,1.6972000000000027e-05
5,49,19,315,6479,1578,1.4540000000000013e-05
5,50,19,295,6232,1526,1.3052000000000006e-05
5,51,19,392,6500,1564,1.534400000000003e-05
5,52,19,341,6599,1628,1.4764000000000013e-05
5,53,19,346,6531,1583,1.562000000000002e-05
5,54,19,259,5822,1422,1.2396000000000003e-05
5,55,19,299,6367,1577,1.3556000000000007e-05
5,56,19,346,6615,1621,1.5220000000000015e-05
5,57,19,281,6041,1490,1.3444000000000007e-05
5,58,19,318,6467,1586,1.406800000000001e-05
5,59,19,333,6173,1523,1.406800000000002e-05
5,60,19,335,6272,1552,1.4516000000000013e-05
5,61,19,270,5969,1457,1.3828000000000016e-05
5,62,19,330,6025,1465,1.3188000000000008e-05
5,63,19,261,6312,1541,1.3412000000000013e-05
5,64,19,333,6111,1517,1.3364000000000008e-05
5,65,19,316,6802,1666,1.347600000000001e-05
5,66,19,428,6919,1671,1.695600000000003e-05
5,67,19,358,6510,1592,1.3400000000000024e-05
5,68,19,271,6148,1516,1.273600000000002e-05
5,69,19,335,6763,1635,1.558800000000003e-05
5,70,19,347,6778,1649,1.520400000000002e-05
5,71,19,280,6069,1497,1.2692000000000003e-05
5,72,19,324,5964,1459,1.4436000000000012e-05
5,73,19,347,6683,1638,1.410000000000001e-05
5,74,19,290,6016,1463,1.3484000000000008e-05
5,75,19,325,7008,1733,1.4436000000000012e-05
5,76,19,332,6484,1581,1.6048000000000027e-05
5,77,19,348,6838,1669,1.4380000000000013e-05
5,78,19,278,5984,1469,1.3292000000000006e-05
5,79,19,323,6503,1609,1.4436000000000012e-05
5,80,19,348,6938,1704,1.4020000000000013e-05
5,81,19,316,5970,1469,1.4012000000000011e-05
5,82,19,324,6515,1588,1.4436000000000012e-05
5,83,19,290,6188,1524,1.2912000000000021e-05
5,84,19,395,6816,1663,1.6908000000000025e-05
5,85,19,348,6108,1493,1.4644000000000014e-05
5,86,19,294,6066,1504,1.466800000000002e-05
5,87,19,301,6191,1522,1.2748000000000004e-05
5,88,19,268,6016,1476,1.2756000000000005e-05
5,89,19,343,7182,1756,1.553200000000002e-05
5,90,19,425,6957,1699,2.095999999999998e-05
5,91,19,360,6985,1703,1.562000000000002e-05
5,92,19,362,6758,1650,1.5076000000000016e-05
5,93,19,329,5852,1437,1.4988000000000015e-05
5,94,19,268,6426,1578,1.449200000000002e-05
5,95,19,301,6322,1550,1.396400000000001e-05
5,96,19,331,6325,1550,1.3196000000000009e-05
5,97,19,334,6533,1603,1.4644000000000014e-05
5,98,19,322,6453,1580,1.3828000000000016e-05
5,99,19,391,5903,1447,1.6132000000000024e-05
5,100,19,326,6556,1613,1.4580000000000013e-05
5,101,19,319,6092,1510,1.3708000000000013e-05
5,102,19,384,6151,1509,1.544400000000002e-05
5,103,19,324,6283,1547,1.4228000000000012e-05
5,104,19,321,5904,1443,1.3060000000000007e-05
5,105,19,328,6776,1655,1.4260000000000011e-05
5,106,19,352,6971,1712,1.4324000000000014e-05
5,107,19,299,6115,1499,1.4100000000000016e-05
5,108,19,368,7033,1721,1.582800000000002e-05
5,109,19,317,6151,1509,1.4012000000000011e-05
5,110,19,264,5941,1455,1.406800000000002e-05
5,111,19,314,5867,1438,1.410000000000001e-05
5,112,19,378,6559,1612,1.517200000000002e-05
5,113,19,320,6411,1557,1.4108000000000011e-05
5,114,19,295,5994,1460,1.3796000000000015e-05
5,115,19,331,6157,1498,1.3596000000000008e-05
5,116,19,424,6721,1618,1.6628000000000028e-05
5,117,19,322,6656,1631,1.3236000000000007e-05
5,118,19,378,6550,1607,1.534800000000002e-05
5,119,19,339,6829,1669,1.5564000000000026e-05
5,120,19,325,6348,1561,1.4140000000000012e-05
5,121,19,354,7064,1728,1.4196000000000016e-05
5,122,19,328,6285,1530,1.4932000000000016e-05
5,123,19,293,6022,1478,1.383600000000001e-05
5,124,19,279,6138,1496,1.3004000000000006e-05
5,125,19,323,6538,1587,1.3316000000000013e-05
5,126,19,297,5994,1469,1.3556000000000014e-05
5,127,19,323,6525,1581,1.4436000000000012e-05
5,128,19,328,6292,1536,1.3684000000000008e-05
5,129,19,320,6402,1569,1.5188000000000023e-05
5,130,19,297,6458,1582,1.3172000000000005e-05
5,131,19,356,6651,1629,1.552400000000002e-05
5,132,19,333,7301,1779,1.4012000000000011e-05
5,133,19,376,6326,1549,1.524400000000002e-05
5,134,14,275,4451,1104,1.2884000000000006e-05
6,0,19,333,6321,1568,1.3236000000000007e-05
6,1,19,331,6614,1619,1.3596000000000008e-05
6,2,19,295,6158,1508,1.3292000000000006e-05
6,3,19,303,6738,1647,1.6964000000000036e-05
6,4,19,355,7262,1756,1.6724000000000035e-05
6,5,19,327,6680,1628,1.5988000000000027e-05
6,6,19,311,6088,1483,1.3684000000000008e-05
6,7,19,320,5982,1479,1.3236000000000007e-05
6,8,19,323,6135,1497,1.407600000000001e-05
6,9,19,333,6717,1640,1.4644000000000014e-05
6,10,19,383,6628,1619,1.523600000000002e-05
6,11,19,295,6641,1612,1.2548000000000008e-05
6,12,19,325,6556,1594,1.4924000000000015e-05
6,13,19,325,6138,1519,1.4980000000000023e-05
6,14,19,329,6237,1517,1.4532000000000013e-05
6,15,19,282,6045,1493,1.3444000000000007e-05
6,16,19,330,6410,1575,1.4204000000000012e-05
6,17,19,323,6023,1472,1.3236000000000007e-05
6,18,19,313,6184,1520,1.3444000000000009e-05
6,19,19,377,6851,1657,1.4888000000000031e-05
6,20,19,317,6924,1685,1.6052000000000025e-05
6,21,19,288,6028,1488,1.3364000000000008e-05
6,22,19,321,5935,1476,1.3236000000000007e-05
6,23,19,323,6712,1651,1.3684000000000008e-05
6,24,19,399,6367,1560,1.6204000000000026e-05
6,25,19,323,6404,1573,1.577600000000003e-05
6,26,19,324,7145,1741,1.3484000000000007e-05
6,27,19,264,6272,1539,1.2268000000000002e-05
6,28,19,362,6572,1604,1.566800000000002e-05
6,29,19,266,5924,1455,1.2724000000000004e-05
6,30,19,294,5629,1401,1.3828000000000016e-05
6,31,19,323,6522,1598,1.394800000000001e-05
6,32,19,294,6391,1562,1.5300000000000023e-05
6,33,19,349,6134,1513,1.4564000000000015e-05
6,34,19,305,6115,1490,1.3356000000000007e-05
6,35,19,355,6208,1523,1.3688000000000025e-05
6,36,19,320,6097,1498,1.5212000000000025e-05
6,37,19,300,6262,1535,1.448000000000003e-05
6,38,19,278,6277,1548,1.3684000000000015e-05
6,39,19,401,6147,1505,1.618000000000002e-05
6,40,19,386,5573,1382,1.6612000000000027e-05
6,41,19,282,6161,1512,1.2652000000000002e-05
6,42,19,323,6561,1607,1.4260000000000011e-05
6,43,19,357,6592,1618,1.623600000000003e-05
6,44,19,346,6831,1669,1.5188000000000016e-05
6,45,19,340,6012,1466,1.372400000000001e-05
6,46,19,347,6336,1574,1.5188000000000016e-05
6,47,19,308,6404,1559,1.3148000000000007e-05
6,48,19,333,6870,1663,1.3916000000000012e-05
6,49,19,324,6823,1676,1.4580000000000013e-05
6,50,19,349,6693,1626,1.5396000000000027e-05
6,51,19,305,6247,1522,1.3180000000000008e-05
6,52,19,331,6382,1561,1.366000000000001e-05
6,53,19,353,6664,1626,1.4148000000000014e-05
6,54,19,330,6923,1688,1.4068000000000015e-05
6,55,19,325,6723,1622,1.6956000000000032e-05
6,56,19,395,7320,1763,1.577200000000002e-05
6,57,19,324,6164,1527,1.4436000000000012e-05
6,58,19,325,7168,1747,1.393200000000001e-05
6,59,19,362,6305,1538,1.4716000000000013e-05
6,60,19,337,6322,1538,1.7156000000000037e-05
6,61,19,349,6995,1713,1.4260000000000013e-05
6,62,19,304,6130,1505,1.3476000000000006e-05
6,63,19,340,6146,1490,1.372400000000001e-05
6,64,19,360,6399,1567,1.8684000000000026e-05
6,65,19,336,6341,1556,1.4268000000000013e-05
6,66,19,296,6459,1594,1.3316000000000013e-05
6,67,19,333,6170,1505,1.3596000000000008e-05
6,68,19,367,6409,1560,1.4164000000000015e-05
6,69,19,325,6772,1658,1.4436000000000012e-05
6,70,19,308,6341,1545,1.5492000000000027e-05
6,71,19,346,6175,1517,1.5100000000000016e-05
6,72,19,269,5870,1445,1.406800000000002e-05
6,73,19,401,6916,1689,1.6940000000000024e-05
6,74,19,331,6475,1589,1.394800000000001e-05
6,75,19,350,6931,1691,1.4380000000000011e-05
6,76,19,320,6061,1487,1.5276000000000025e-05
6,77,19,350,6898,1692,1.4556000000000013e-05
6,78,19,276,6223,1505,1.2852000000000003e-05
6,79,19,339,6829,1673,1.5124000000000016e-05
6,80,19,355,6750,1631,1.361200000000001e-05
6,81,19,299,6795,1653,1.384400000000001e-05
6,82,19,323,6688,1628,1.354000000000001e-05
6,83,19,301,6811,1667,1.5188000000000021e-05
6,84,19,283,6116,1494,1.4100000000000016e-05
6,85,19,305,6489,1591,1.4068000000000015e-05
6,86,19,250,5686,1398,1.290800000000001e-05
6,87,19,310,6092,1492,1.4608000000000032e-05
6,88,19,455,6857,1680,1.7080000000000013e-05
6,89,19,287,6383,1573,1.2924000000000004e-05
6,90,19,325,6963,1694,1.6140000000000025e-05
6,91,19,291,6016,1471,1.3708000000000013e-05
6,92,19,309,6203,1526,1.3676000000000008e-05
6,93,19,325,6796,1650,1.4436000000000012e-05
6,94,19,356,6467,1578,1.4708000000000019e-05
6,95,19,351,6267,1538,1.528400000000002e-05
6,96,19,271,5835,1451,1.2524000000000002e-05
6,97,19,406,6368,1559,1.6460000000000022e-05
6,98,19,330,6310,1549,1.4580000000000013e-05
6,99,19,302,6235,1534,1.3652000000000014e-05
6,100,19,351,6167,1515,1.4356000000000013e-05
6,101,19,316,6068,1497,1.410000000000001e-05
6,102,19,312,6328,1546,1.653200000000003e-05
6,103,19,321,6701,1612,1.4108000000000011e-05
6,104,19,335,6721,1639,1.5052000000000016e-05
6,105,19,316,6907,1690,1.4012000000000011e-05
6,106,19,343,5930,1466,1.4196000000000013e-05
6,107,19,346,7054,1712,1.5132000000000015e-05
6,108,19,402,7206,1763,1.7268000000000025e-05
6,109,19,301,6325,1556,1.3612000000000008e-05
6,110,19,319,6548,1597,1.4196000000000011e-05
6,111,19,358,6505,1605,1.4620000000000014e-05
6,112,19,357,6825,1682,1.5436000000000016e-05
6,113,19,389,7822,1907,1.6908000000000025e-05
6,114,19,389,6576,1606,1.570800000000002e-05
6,115,19,364,6494,1594,1.6140000000000025e-05
6,116,19,323,6383,1571,1.3292000000000006e-05
6,117,19,351,6726,1641,1.4084000000000013e-05
6,118,19,330,6344,1561,1.4532000000000013e-05
6,119,19,356,6995,1692,1.4772000000000015e-05
6,120,19,298,6459,1591,1.3900000000000011e-05
6,121,19,548,7086,1706,2.104799999999997e-05
6,122,19,324,7046,1708,1.4884000000000022e-05
6,123,19,375,6467,1577,1.6244000000000023e-05
6,124,19,264,6030,1483,1.246400000000002e-05
6,125,19,335,6676,1621,1.4772000000000022e-05
6,126,19,340,6580,1617,1.372400000000001e-05
6,127,19,355,6197,1506,1.5492000000000027e-05
6,128,19,332,6671,1630,1.4436000000000012e-05
6,129,19,355,6571,1615,1.552400000000002e-05
6,130,19,324,6548,1598,1.4436000000000012e-05
6,131,19,356,7191,1747,1.6928000000000018e-05
6,132,19,320,6509,1596,1.4508000000000014e-05
6,133,19,363,6660,1613,1.4276000000000015e-05
6,134,14,331,4954,1228,1.4436000000000012e-05
7,0,19,414,6984,1690,1.6436000000000024e-05
7,1,19,334,6645,1628,1.3692000000000009e-05
7,2,19,282,6657,1628,1.2652000000000002e-05
7,3,19,412,7110,1735,1.6436000000000024e-05
7,4,19,353,7239,1761,1.4148000000000014e-05
7,5,19,355,6920,1693,1.4980000000000016e-05
7,6,19,332,6059,1486,1.6048000000000027e-05
7,7,19,354,5967,1462,1.4324000000000014e-05
7,8,19,331,6896,1685,1.4228000000000012e-05
7,9,19,301,5940,1469,1.2812000000000005e-05
7,10,19,417,6172,1497,1.589600000000003e-05
7,11,19,323,6657,1640,1.410000000000001e-05
7,12,19,297,6847,1667,1.378000000000001e-05
7,13,19,362,6684,1634,1.573200000000002e-05
7,14,19,324,7176,1741,1.4436000000000012e-05
7,15,19,327,6502,1593,1.4108000000000011e-05
7,16,19,333,6245,1539,1.4564000000000013e-05
7,17,19,304,6190,1522,1.297200000000001e-05
7,18,19,355,7476,1797,1.4772000000000015e-05
7,19,19,359,6322,1562,1.4388000000000015e-05
7,20,19,315,6137,1501,1.6052000000000025e-05
7,21,19,299,6459,1561,1.2259999999999998e-05
7,22,19,325,6625,1619,1.3740000000000009e-05
7,23,19,331,6316,1551,1.4196000000000016e-05
7,24,19,326,6485,1592,1.4436000000000012e-05
7,25,19,325,6808,1671,1.4884000000000026e-05
7,26,19,384,6899,1687,1.6548000000000025e-05
7,27,19,354,6777,1652,1.4580000000000013e-05
7,28,19,385,7120,1718,1.934000000000002e-05
7,29,19,337,6235,1528,1.3692000000000009e-05
7,30,19,303,6634,1590,1.399600000000001e-05
7,31,19,322,6696,1630,1.3060000000000007e-05
7,32,19,348,6943,1691,1.4164000000000015e-05
7,33,19,268,6041,1483,1.298800000000001e-05
7,34,19,298,6526,1595,1.384400000000001e-05
7,35,19,360,6399,1556,1.562000000000002e-05
7,36,19,315,6326,1542,1.6140000000000025e-05
7,37,19,262,5802,1435,1.2628000000000003e-05
7,38,19,326,6589,1606,1.662800000000003e-05
7,39,19,325,6568,1615,1.4436000000000012e-05
7,40,19,328,6480,1588,1.482000000000002e-05
7,41,19,326,6747,1656,1.3356000000000007e-05
7,42,19,379,6744,1649,1.582000000000002e-05
7,43,19,354,6642,1610,1.4324000000000014e-05
7,44,19,299,6325,1539,1.4068000000000015e-05
7,45,19,388,6995,1700,1.570800000000002e-05
7,46,19,347,5993,1481,1.5100000000000016e-05
7,47,19,333,6376,1568,1.3596000000000008e-05
7,48,19,325,6562,1606,1.3452000000000008e-05
7,49,19,350,6106,1493,1.4796000000000016e-05
7,50,19,294,6562,1601,1.4304000000000031e-05
7,51,19,345,6499,1580,1.4828000000000015e-05
7,52,19,322,6044,1492,1.5796000000000026e-05
7,53,19,346,6600,1601,1.4084000000000013e-05
7,54,19,360,6937,1691,1.562000000000002e-05
7,55,19,376,7239,1772,1.570000000000002e-05
7,56,19,344,6542,1619,1.577600000000003e-05
7,57,19,325,6056,1484,1.4140000000000012e-05
7,58,19,319,6446,1560,1.4196000000000011e-05
7,59,19,308,6304,1556,1.403600000000001e-05
7,60,19,308,6119,1510,1.394800000000001e-05
7,61,19,362,6987,1688,1.8524000000000025e-05
7,62,19,331,6371,1556,1.4436000000000012e-05
7,63,19,279,5720,1409,1.5668000000000027e-05
7,64,19,343,7032,1719,1.6052000000000025e-05
7,65,19,367,7071,1729,1.4780000000000014e-05
7,66,19,315,6871,1677,1.406800000000002e-05
7,67,19,352,6654,1637,1.5460000000000018e-05
7,68,19,339,6830,1654,1.372400000000001e-05
7,69,19,292,6275,1543,1.3292000000000006e-05
7,70,19,302,6238,1542,1.4100000000000016e-05
7,71,19,387,6422,1567,1.541200000000002e-05
7,72,19,306,6241,1536,1.2972000000000004e-05
7,73,19,331,6315,1564,1.4228000000000012e-05
7,74,19,323,6836,1669,1.3356000000000007e-05
7,75,19,339,7348,1784,1.630000000000003e-05
7,76,19,308,6212,1507,1.5276000000000025e-05
7,77,19,295,5810,1439,1.2812000000000004e-05
7,78,19,323,6585,1605,1.6052000000000025e-05
7,79,19,316,6485,1601,1.4012000000000011e-05
7,80,19,295,6280,1534,1.2492000000000002e-05
7,81,19,367,7035,1704,1.4348000000000016e-05
7,82,19,327,6180,1515,1.386800000000001e-05
7,83,19,325,6315,1548,1.4436000000000012e-05
7,84,19,347,6231,1525,1.5188000000000016e-05
7,85,19,296,6189,1520,1.3324000000000007e-05
7,86,19,355,6683,1640,1.5172000000000022e-05
7,87,19,332,6832,1667,1.4444000000000013e-05
7,88,19,337,6623,1630,1.4740000000000015e-05
7,89,19,350,6706,1615,1.5100000000000016e-05
7,90,19,386,6516,1598,1.547600000000002e-05
7,91,19,318,6852,1677,1.4012000000000011e-05
7,92,19,333,6411,1575,1.4564000000000013e-05
7,93,19,269,5796,1423,1.3524000000000011e-05
7,94,19,348,6663,1630,1.4556000000000014e-05
7,95,19,344,6559,1618,1.4052000000000012e-05
7,96,19,292,6169,1511,1.2788000000000004e-05
7,97,19,343,7113,1719,1.5036000000000015e-05
7,98,19,351,6440,1593,1.657200000000003e-05
7,99,19,270,6005,1478,1.2396e-05
7,100,19,340,6842,1660,1.372400000000001e-05
7,101,19,320,6275,1540,1.3452000000000008e-05
7,102,19,315,6389,1569,1.4012000000000011e-05
7,103,19,347,6093,1497,1.5188000000000016e-05
7,104,19,371,6865,1683,1.4352000000000028e-05
7,105,19,323,7055,1728,1.6140000000000025e-05
7,106,19,332,6136,1518,1.560000000000003e-05
7,107,19,336,6702,1624,1.5348000000000016e-05
7,108,19,350,6636,1622,1.5460000000000018e-05
7,109,19,328,7086,1731,1.4436000000000012e-05
7,110,19,357,6670,1619,1.5276000000000025e-05
7,111,19,340,6619,1615,1.372400000000001e-05
7,112,19,352,6087,1502,1.4180000000000013e-05
7,113,19,332,7006,1696,1.398000000000001e-05
7,114,19,346,7419,1794,1.7060000000000037e-05
7,115,19,353,6477,1583,1.4164000000000019e-05
7,116,19,316,6826,1669,1.410000000000001e-05
7,117,19,337,6180,1510,1.4188000000000016e-05
7,118,19,363,6173,1506,1.4684000000000014e-05
7,119,19,323,6822,1681,1.4476000000000014e-05
7,120,19,322,6553,1610,1.410000000000001e-05
7,121,19,325,6130,1497,1.485200000000002e-05
7,122,19,329,6800,1662,1.5908000000000028e-05
7,123,19,302,6522,1602,1.3748000000000018e-05
7,124,19,377,6147,1501,1.518000000000002e-05
7,125,19,331,6747,1653,1.4100000000000016e-05
7,126,19,263,5677,1398,1.2692000000000003e-05
7,127,19,316,6553,1595,1.478800000000002e-05
7,128,19,380,6595,1602,1.586800000000002e-05
7,129,19,337,6567,1594,1.4444000000000013e-05
7,130,19,298,6001,1466,1.2396000000000003e-05
7,131,19,324,6659,1632,1.358000000000001e-05
7,132,19,354,6238,1529,1.4160000000000027e-05
7,133,19,297,5912,1448,1.2912000000000021e-05
7,134,14,323,5052,1239,1.3300000000000006e-05
8,0,19,351,6119,1499,1.5164000000000016e-05
8,1,19,311,6858,1670,1.406800000000001e-05
8,2,19,325,6716,1654,1.4260000000000011e-05
8,3,19,325,6408,1575,1.4436000000000012e-05
8,4,19,315,6530,1602,1.4100000000000016e-05
8,5,19,354,6495,1578,1.4180000000000013e-05
8,6,19,357,6839,1670,1.5276000000000025e-05
8,7,19,331,7343,1790,1.5668000000000027e-05
8,8,19,272,5946,1452,1.2876000000000005e-05
8,9,19,353,6017,1472,1.4148000000000014e-05
8,10,19,293,6351,1546,1.3356000000000007e-05
8,11,19,351,6161,1508,1.4260000000000013e-05
8,12,19,323,6755,1646,1.3060000000000007e-05
8,13,19,332,6730,1648,1.4004000000000019e-05
8,14,19,348,6370,1557,1.5100000000000016e-05
8,15,19,292,5935,1451,1.4644000000000021e-05
8,16,19,331,6372,1557,1.3596000000000008e-05
8,17,19,360,6753,1645,1.8620000000000025e-05
8,18,19,353,6684,1618,1.3900000000000011e-05
8,19,19,328,6730,1638,1.3332000000000007e-05
8,20,19,271,6453,1582,1.2748000000000004e-05
8,21,19,301,6465,1564,1.2780000000000005e-05
8,22,19,325,6386,1562,1.4436000000000012e-05
8,23,19,385,6609,1610,1.524400000000002e-05
8,24,19,296,6430,1562,1.3836000000000015e-05
8,25,19,326,6670,1632,1.5988000000000027e-05
8,26,19,330,6832,1675,1.4644000000000014e-05
8,27,19,333,6195,1521,1.394800000000001e-05
8,28,19,341,7096,1719,1.8804000000000025e-05
8,29,19,331,6639,1638,1.3596000000000008e-05
8,30,19,395,6338,1551,1.6972000000000027e-05
8,31,19,383,6501,1601,1.526800000000002e-05
8,32,19,352,7374,1814,1.534000000000002e-05
8,33,19,352,6935,1702,1.4156000000000013e-05
8,34,19,346,6326,1550,1.5100000000000016e-05
8,35,19,272,6229,1539,1.2524000000000002e-05
8,36,19,384,6935,1683,1.4952000000000032e-05
8,37,19,357,6845,1669,1.4980000000000016e-05
8,38,19,350,6434,1579,1.586000000000002e-05
8,39,19,320,6312,1566,1.3236000000000007e-05
8,40,19,348,7104,1730,1.5100000000000016e-05
8,41,19,296,6129,1493,1.3236000000000005e-05
8,42,19,354,6671,1631,1.4260000000000011e-05
8,43,19,395,7045,1732,1.7004000000000026e-05
8,44,19,335,6608,1627,1.4268000000000013e-05
8,45,19,392,7601,1852,1.5312000000000032e-05
8,46,19,323,6472,1599,1.3716000000000009e-05
8,47,19,347,7229,1760,1.6052000000000025e-05
8,48,19,323,6323,1535,1.3484000000000007e-05
8,49,19,335,6798,1650,1.4644000000000014e-05
8,50,19,352,6726,1630,1.534000000000002e-05
8,51,19,323,6245,1521,1.3236000000000007e-05
8,52,19,342,6638,1628,1.642000000000003e-05
8,53,19,331,7099,1726,1.386800000000001e-05
8,54,19,386,6818,1662,1.4952000000000032e-05
8,55,19,315,6166,1515,1.4012000000000011e-05
8,56,19,354,6366,1562,1.4324000000000014e-05
8,57,19,325,6222,1536,1.4436000000000012e-05
8,58,19,341,6916,1690,1.4620000000000014e-05
8,59,19,344,7013,1707,1.553200000000002e-05
8,60,19,359,6760,1644,1.6020000000000023e-05
8,61,19,331,6084,1507,1.4164000000000019e-05
8,62,19,340,6984,1719,1.372400000000001e-05
8,63,19,355,6829,1676,1.4324000000000014e-05
8,64,19,325,7118,1733,1.4140000000000012e-05
8,65,19,324,6993,1692,1.4228000000000012e-05
8,66,19,335,6385,1570,1.6260000000000034e-05
8,67,19,357,6700,1644,1.7300000000000038e-05
8,68,19,352,6606,1634,1.4436000000000012e-05
8,69,19,319,6251,1532,1.4196000000000011e-05
8,70,19,320,6076,1487,1.4196000000000011e-05
8,71,19,330,6836,1674,1.3676000000000008e-05
8,72,19,363,6915,1682,1.5108000000000017e-05
8,73,19,324,6216,1510,1.357200000000001e-05
8,74,19,334,7251,1772,1.4644000000000014e-05
8,75,19,316,5848,1439,1.4012000000000011e-05
8,76,19,327,6486,1601,1.4108000000000011e-05
8,77,19,324,6954,1696,1.4196000000000011e-05
8,78,19,326,7299,1775,1.623600000000003e-05
8,79,19,388,6301,1553,1.6756000000000024e-05
8,80,19,352,6273,1552,1.3688000000000025e-05
8,81,19,328,6279,1525,1.4532000000000013e-05
8,82,19,336,6848,1683,1.6048000000000027e-05
8,83,19,340,6894,1698,1.4764000000000013e-05
8,84,19,288,6444,1565,1.5492000000000027e-05
8,85,19,360,6050,1491,1.5076000000000016e-05
8,86,19,324,6624,1617,1.4436000000000012e-05
8,87,19,407,6566,1607,2.1147999999999998e-05
8,88,19,317,6608,1632,1.3556000000000007e-05
8,89,19,354,7105,1732,1.7552000000000014e-05
8,90,19,355,6767,1644,1.552400000000002e-05
8,91,19,316,6663,1623,1.410000000000001e-05
8,92,19,357,6740,1655,1.5124000000000022e-05
8,93,19,347,6226,1532,1.5100000000000016e-05
8,94,19,292,5979,1478,1.3716000000000009e-05
8,95,19,324,6223,1523,1.3068000000000006e-05
8,96,19,363,6984,1705,1.5084000000000019e-05
8,97,19,352,6199,1536,1.5460000000000018e-05
8,98,19,360,6477,1589,1.3960000000000026e-05
8,99,19,296,6472,1583,1.4564000000000022e-05
8,100,19,329,6070,1494,1.4036000000000016e-05
8,101,19,362,6718,1644,1.4164000000000019e-05
8,102,19,320,6290,1550,1.3356000000000007e-05
8,103,19,323,5875,1442,1.3684000000000008e-05
8,104,19,299,6315,1534,1.2548000000000003e-05
8,105,19,320,6486,1580,1.3172000000000005e-05
8,106,19,284,6680,1630,1.3460000000000013e-05
8,107,19,357,7063,1712,1.5228000000000018e-05
8,108,19,324,6800,1631,1.4108000000000011e-05
8,109,19,283,6168,1522,1.3300000000000006e-05
8,110,19,324,7145,1720,1.4540000000000013e-05
8,111,19,350,6797,1657,1.4676000000000018e-05
8,112,19,313,6739,1650,1.5236000000000021e-05
8,113,19,384,6933,1690,1.4776000000000033e-05
8,114,19,336,6967,1683,1.6144000000000024e-05
8,115,19,418,7148,1730,1.6612000000000027e-05
8,116,19,342,6021,1486,1.5124000000000015e-05
8,117,19,313,6182,1531,1.4340000000000017e-05
8,118,19,354,6653,1608,1.4148000000000014e-05
8,119,19,348,6534,1614,1.4388000000000012e-05
8,120,19,321,6937,1687,1.407600000000001e-05
8,121,19,283,5872,1447,1.3796000000000015e-05
8,122,19,346,6692,1632,1.4716000000000015e-05
8,123,19,300,6416,1576,1.3556000000000007e-05
8,124,19,352,6857,1677,1.4324000000000014e-05
8,125,19,334,6717,1652,1.5548000000000028e-05
8,126,19,358,6657,1621,1.5668000000000027e-05
8,127,19,331,6409,1559,1.4436000000000012e-05
8,128,19,323,6248,1539,1.403600000000002e-05
8,129,19,394,6764,1657,1.7004000000000026e-05
8,130,19,363,6197,1520,1.4452000000000015e-05
8,131,19,387,6109,1492,1.570800000000002e-05
8,132,19,318,6161,1510,1.347600000000001e-05
8,133,19,353,6726,1649,1.4156000000000013e-05
8,134,14,326,5102,1236,1.4324000000000012e-05
9,0,19,333,7016,1717,1.4644000000000014e-05
9,1,19,353,6450,1575,1.4588000000000013e-05
9,2,19,321,6363,1548,1.5796000000000026e-05
9,3,19,321,6301,1542,1.3828000000000016e-05
9,4,19,286,6510,1591,1.2604000000000003e-05
9,5,19,324,6239,1524,1.3060000000000007e-05
9,6,19,275,6435,1579,1.3708000000000013e-05
9,7,19,330,6453,1581,1.4988000000000015e-05
9,8,19,357,6376,1551,1.4324000000000014e-05
9,9,19,330,6342,1554,1.3900000000000011e-05
9,10,19,446,7321,1774,1.6952000000000013e-05
9,11,19,298,6291,1544,1.3364000000000008e-05
9,12,19,329,7063,1710,1.363600000000001e-05
9,13,19,351,6901,1685,1.4732000000000018e-05
9,14,19,287,6139,1503,1.2652000000000002e-05
9,15,19,322,6951,1685,1.4260000000000011e-05
9,16,19,393,6403,1565,1.6428000000000023e-05
9,17,19,352,7389,1814,1.5460000000000018e-05
9,18,19,338,6747,1669,1.5092000000000016e-05
9,19,19,355,7151,1734,1.7060000000000037e-05
9,20,19,336,6553,1590,1.4196000000000011e-05
9,21,19,289,6170,1497,1.2756000000000005e-05
9,22,19,298,6198,1516,1.5676000000000027e-05
9,23,19,295,6308,1541,1.257600000000002e-05
9,24,19,360,6980,1711,1.552400000000002e-05
9,25,19,387,7418,1799,1.6236000000000025e-05
9,26,19,313,5957,1472,1.3772000000000008e-05
9,27,19,361,6175,1509,1.4276000000000015e-05
9,28,19,325,6426,1542,1.4140000000000012e-05
9,29,19,428,7680,1858,1.6496000000000016e-05
9,30,19,287,6417,1571,1.3452000000000008e-05
9,31,19,389,7274,1761,1.4796000000000017e-05
9,32,19,278,6180,1507,1.2364000000000002e-05
9,33,19,322,6442,1564,1.6964000000000036e-05
9,34,19,323,6167,1530,1.3804000000000009e-05
9,35,19,381,6849,1687,1.6956000000000032e-05
9,36,19,324,6659,1632,1.3556000000000007e-05
9,37,19,325,6723,1660,1.4580000000000018e-05
9,38,19,314,5945,1457,1.4068000000000015e-05
9,39,19,388,6581,1606,1.6612000000000027e-05
9,40,19,357,6503,1572,1.5428000000000022e-05
9,41,19,331,6756,1651,1.378000000000001e-05
9,42,19,282,6096,1496,1.3356000000000007e-05
9,43,19,296,6010,1477,1.2908000000000006e-05
9,44,19,392,6590,1613,1.6396000000000024e-05
9,45,19,360,6609,1609,1.7440000000000013e-05
9,46,19,386,6421,1568,1.541200000000002e-05
9,47,19,350,6520,1583,1.528400000000002e-05
9,48,19,272,6373,1570,1.298800000000001e-05
9,49,19,329,6885,1677,1.4436000000000012e-05
9,50,19,325,6730,1651,1.4548000000000012e-05
9,51,19,347,6114,1496,1.5132000000000015e-05
9,52,19,335,6467,1579,1.3692000000000009e-05
9,53,19,336,6879,1686,1.3692000000000009e-05
9,54,19,355,7077,1727,1.553200000000002e-05
9,55,19,309,6195,1516,1.3676000000000008e-05
9,56,19,348,6674,1636,1.4260000000000013e-05
9,57,19,324,6514,1586,1.5588000000000028e-05
9,58,19,342,6674,1627,1.5124000000000015e-05
9,59,19,329,7106,1745,1.4932000000000016e-05
9,60,19,319,6648,1623,1.5908000000000028e-05
9,61,19,444,6587,1617,1.752400000000003e-05
9,62,19,324,6393,1563,1.4436000000000012e-05
9,63,19,309,6651,1632,1.5628000000000024e-05
9,64,19,396,6276,1529,1.9279999999999995e-05
9,65,19,335,6633,1621,1.4100000000000016e-05
9,66,19,322,6313,1540,1.3236000000000007e-05
9,67,19,295,6556,1603,1.3604000000000007e-05
9,68,19,324,6298,1552,1.4572000000000014e-05
9,69,19,380,7136,1737,1.4888000000000031e-05
9,70,19,352,6654,1622,1.4140000000000012e-05
9,71,19,330,6165,1508,1.7052000000000033e-05
9,72,19,292,6331,1558,1.3452000000000008e-05
9,73,19,324,6137,1523,1.3708000000000013e-05
9,74,19,324,6271,1526,1.4436000000000012e-05
9,75,19,321,6842,1691,1.3316000000000013e-05
9,76,19,320,6495,1571,1.4196000000000011e-05
9,77,19,393,5862,1443,1.5884000000000023e-05
9,78,19,326,7122,1732,1.4228000000000012e-05
9,79,19,321,6927,1701,1.4820000000000022e-05
9,80,19,332,6528,1597,1.383600000000001e-05
9,81,19,335,6912,1714,1.5060000000000015e-05
9,82,19,358,7160,1740,1.665200000000003e-05
9,83,19,344,6648,1626,1.3740000000000009e-05
9,84,19,322,6788,1647,1.339600000000001e-05
9,85,19,321,6249,1548,1.3236000000000007e-05
9,86,19,349,7241,1759,1.4644000000000014e-05
9,87,19,256,5814,1426,1.3316000000000013e-05
9,88,19,326,6736,1641,1.569600000000003e-05
9,89,19,386,7385,1791,1.6956000000000032e-05
9,90,19,384,7754,1878,1.7708000000000034e-05
9,91,19,327,6543,1602,1.466800000000002e-05
9,92,19,352,6327,1564,1.4020000000000013e-05
9,93,19,323,6684,1623,1.410000000000001e-05
9,94,19,322,5682,1413,1.407600000000001e-05
9,95,19,263,5811,1430,1.2148e-05
9,96,19,281,6419,1585,1.2780000000000005e-05
9,97,19,371,6981,1702,1.531600000000002e-05
9,98,19,327,6962,1689,1.5668000000000027e-05
9,99,19,361,6135,1506,1.558800000000002e-05
9,100,19,395,6166,1519,1.6972000000000027e-05
9,101,19,323,6740,1633,1.4028000000000012e-05
9,102,19,301,6196,1511,1.3900000000000011e-05
9,103,19,300,6514,1593,1.3364000000000008e-05
9,104,19,332,6920,1685,1.4444000000000013e-05
9,105,19,276,6066,1486,1.5452000000000028e-05
9,106,19,304,6139,1516,1.4260000000000011e-05
9,107,19,324,6191,1513,1.4436000000000012e-05
9,108,19,294,6043,1491,1.2812000000000005e-05
9,109,19,361,6579,1601,1.6076000000000024e-05
9,110,19,346,6746,1653,1.4716000000000015e-05
9,111,19,349,6341,1562,1.4564000000000015e-05
9,112,19,359,6791,1657,1.4620000000000014e-05
9,113,19,306,6549,1584,1.3172000000000005e-05
9,114,19,354,7250,1771,1.552400000000002e-05
9,115,19,364,7137,1743,1.4644000000000014e-05
9,116,19,294,6136,1491,1.3604000000000007e-05
9,117,19,324,6643,1620,1.4436000000000012e-05
9,118,19,325,6707,1651,1.359600000000001e-05
9,119,19,332,6664,1629,1.3828000000000016e-05
9,120,19,438,6747,1645,1.7876000000000027e-05
9,121,19,331,6948,1701,1.4380000000000011e-05
9,122,19,420,6928,1706,1.745200000000003e-05
9,123,19,356,6700,1632,1.4420000000000014e-05
9,124,19,329,6514,1594,1.4932000000000016e-05
9,125,19,376,6586,1597,1.6244000000000023e-05
9,126,19,322,6483,1583,1.410000000000001e-05
9,127,19,317,6755,1650,1.4012000000000011e-05
9,128,19,332,6118,1496,1.426000000000002e-05
9,129,19,324,6433,1578,1.4324000000000012e-05
9,130,19,359,6280,1541,1.7440000000000013e-05
9,131,19,401,7647,1859,1.5708000000000023e-05
9,132,19,298,6365,1555,1.348400000000001e-05
9,133,19,323,6982,1691,1.3684000000000008e-05
9,134,14,296,5045,1220,1.3716000000000009e-05
10,0,19,352,6775,1665,1.5188000000000016e-05
10,1,19,393,6539,1627,1.573200000000002e-05
10,2,19,322,6250,1532,1.407600000000001e-05
10,3,19,346,6350,1566,1.5188000000000016e-05
10,4,19,325,6935,1707,1.4436000000000012e-05
10,5,19,324,6527,1583,1.3060000000000007e-05
10,6,19,395,6663,1618,1.6740000000000026e-05
10,7,19,321,6377,1554,1.426000000000002e-05
10,8,19,328,7668,1860,1.6236000000000025e-05
10,9,19,302,6764,1647,1.390800000000001e-05
10,10,19,327,7006,1705,1.4532000000000013e-05
10,11,19,264,6097,1499,1.4100000000000016e-05
10,12,19,327,6556,1609,1.6140000000000025e-05
10,13,19,331,5943,1476,1.3596000000000008e-05
10,14,19,328,6628,1614,1.577600000000003e-05
10,15,19,295,6263,1531,1.2788000000000004e-05
10,16,19,344,6757,1642,1.553200000000002e-05
10,17,19,385,6556,1611,1.544400000000002e-05
10,18,19,323,6449,1596,1.4436000000000012e-05
10,19,19,326,6460,1591,1.4108000000000011e-05
10,20,19,355,6872,1667,1.4620000000000014e-05
10,21,19,313,6334,1551,1.3196000000000005e-05
10,22,19,365,6211,1519,1.5652000000000022e-05
10,23,19,322,6306,1549,1.354000000000001e-05
10,24,19,332,6346,1549,1.4564000000000013e-05
10,25,19,317,5792,1422,1.2996000000000006e-05
10,26,19,322,6475,1601,1.3532000000000009e-05
10,27,19,322,6403,1564,1.347600000000001e-05
10,28,19,283,6496,1594,1.478800000000002e-05
10,29,19,330,6630,1632,1.3956000000000015e-05
10,30,19,333,6862,1673,1.3524000000000011e-05
10,31,19,315,6191,1526,1.410000000000001e-05
10,32,19,388,6532,1592,1.6612000000000027e-05
10,33,19,367,6530,1598,1.618000000000002e-05
10,34,19,324,6832,1687,1.3460000000000013e-05
10,35,19,329,6778,1666,1.520400000000002e-05
10,36,19,326,6979,1720,1.3420000000000007e-05
10,37,19,333,6681,1630,1.402000000000001e-05
10,38,19,343,6755,1640,1.4140000000000014e-05
10,39,19,328,6469,1594,1.4532000000000013e-05
10,40,19,322,5883,1454,1.3236000000000007e-05
10,41,19,395,6641,1616,1.577200000000002e-05
10,42,19,302,6490,1579,1.5308000000000024e-05
10,43,19,323,6350,1549,1.4436000000000012e-05
10,44,19,298,6290,1520,1.4564000000000022e-05
10,45,19,325,6384,1554,1.4140000000000012e-05
10,46,19,272,6829,1656,1.2748000000000004e-05
10,47,19,347,6412,1568,1.7380000000000037e-05
10,48,19,348,6081,1505,1.5100000000000016e-05
10,49,19,331,6470,1590,1.6048000000000027e-05
10,50,19,354,6573,1616,1.4148000000000014e-05
10,51,19,325,6322,1562,1.577600000000003e-05
10,52,19,332,6616,1625,1.4564000000000013e-05
10,53,19,362,6780,1645,1.4684000000000014e-05
10,54,19,273,6005,1501,1.2492000000000002e-05
10,55,19,325,6587,1596,1.4108000000000011e-05
10,56,19,452,6865,1665,1.704800000000001e-05
10,57,19,299,6024,1447,1.384400000000001e-05
10,58,19,335,6423,1577,1.406800000000002e-05
10,59,19,392,6715,1648,1.6212000000000024e-05
10,60,19,359,6777,1624,1.3924000000000016e-05
10,61,19,332,6179,1524,1.3684000000000008e-05
10,62,19,315,6537,1596,1.3148000000000007e-05
10,63,19,394,7196,1758,1.6428000000000023e-05
10,64,19,293,6041,1478,1.3268000000000004e-05
10,65,19,349,7033,1705,1.6624000000000022e-05
10,66,19,360,6520,1592,1.4420000000000014e-05
10,67,19,321,6144,1512,1.354000000000001e-05
10,68,19,440,6966,1709,1.8364000000000023e-05
10,69,19,324,6595,1610,1.4012000000000011e-05
10,70,19,353,6626,1637,1.4796000000000016e-05
10,71,19,326,6797,1655,1.4580000000000013e-05
10,72,19,325,6725,1646,1.4436000000000012e-05
10,73,19,326,6843,1670,1.4100000000000016e-05
10,74,19,355,6778,1671,1.4356000000000015e-05
10,75,19,360,6601,1620,1.562000000000002e-05
10,76,19,278,5967,1462,1.2275999999999999e-05
10,77,19,294,6731,1653,1.3452000000000008e-05
10,78,19,324,6933,1687,1.4436000000000012e-05
10,79,19,386,6362,1556,1.704400000000003e-05
10,80,19,376,6847,1675,1.5156000000000015e-05
10,81,19,295,7001,1700,1.3348000000000005e-05
10,82,19,316,7114,1711,1.410000000000001e-05
10,83,19,319,6520,1581,1.3708000000000013e-05
10,84,19,346,7038,1728,1.4532000000000013e-05
10,85,19,343,6939,1687,1.553200000000002e-05
10,86,19,333,6157,1515,1.3708000000000013e-05
10,87,19,246,5400,1331,1.1852e-05
10,88,19,331,6363,1571,1.372400000000001e-05
10,89,19,298,6415,1565,1.2652000000000002e-05
10,90,19,348,6293,1540,1.5100000000000016e-05
10,91,19,324,6685,1635,1.5180000000000022e-05
10,92,19,333,7160,1731,1.4924000000000015e-05
10,93,19,331,6699,1654,1.4532000000000013e-05
10,94,19,296,6334,1557,1.2812000000000004e-05
10,95,19,332,6945,1690,1.5628000000000024e-05
10,96,19,314,6890,1689,1.3644000000000014e-05
10,97,19,386,6310,1551,1.6068000000000023e-05
10,98,19,324,6662,1618,1.4108000000000011e-05
10,99,19,360,6533,1594,1.4716000000000013e-05
10,100,19,383,6960,1701,1.6428000000000023e-05
10,101,19,316,6122,1493,1.410000000000001e-05
10,102,19,367,6365,1563,1.5116000000000018e-05
10,103,19,304,6794,1673,1.3924000000000016e-05
10,104,19,308,6576,1628,1.3532000000000009e-05
10,105,19,386,6506,1580,1.523600000000002e-05
10,106,19,325,6639,1637,1.4596000000000012e-05
10,107,19,343,6786,1656,1.3740000000000009e-05
10,108,19,272,5729,1390,1.2876000000000005e-05
10,109,19,415,6232,1517,1.6324000000000025e-05
10,110,19,318,6967,1705,1.4380000000000011e-05
10,111,19,346,6531,1598,1.4052000000000012e-05
10,112,19,330,7230,1739,1.4532000000000013e-05
10,113,19,338,7073,1711,1.5148000000000017e-05
10,114,19,272,5951,1462,1.2644000000000006e-05
10,115,19,331,7189,1742,1.577600000000003e-05
10,116,19,322,6482,1583,1.3236000000000007e-05
10,117,19,274,6428,1566,1.4196000000000016e-05
10,118,19,326,6559,1612,1.4324000000000012e-05
10,119,19,323,7042,1719,1.5300000000000023e-05
10,120,19,327,6495,1580,1.4172000000000011e-05
10,121,19,400,7253,1766,1.7268000000000025e-05
10,122,19,301,6043,1463,1.3956000000000015e-05
10,123,19,457,7239,1755,1.725600000000001e-05
10,124,19,288,6360,1562,1.2748000000000002e-05
10,125,19,360,6640,1606,1.4220000000000015e-05
10,126,19,341,6425,1563,1.5180000000000017e-05
10,127,19,301,6636,1618,1.3236000000000005e-05
10,128,19,315,6808,1649,1.4012000000000011e-05
10,129,19,328,6377,1567,1.4100000000000016e-05
10,130,19,344,6180,1515,1.5036000000000015e-05
10,131,19,355,6643,1624,1.4148000000000014e-05
10,132,19,311,6608,1639,1.3684000000000008e-05
10,133,19,352,6353,1554,1.6516000000000033e-05
10,134,14,301,4849,1201,1.3900000000000011e-05
11,0,19,331,7262,1763,1.4676000000000013e-05
11,1,19,356,7181,1748,1.5316000000000017e-05
11,2,19,333,6738,1655,1.4676000000000013e-05
11,3,19,324,6371,1562,1.3556000000000014e-05
11,4,19,351,7252,1764,1.4508000000000013e-05
11,5,19,364,6499,1573,1.6140000000000025e-05
11,6,19,388,6427,1581,1.570800000000002e-05
11,7,19,319,6704,1643,1.347600000000001e-05
11,8,19,297,6530,1584,1.384400000000001e-05
11,9,19,391,6877,1684,1.6364000000000025e-05
11,10,19,321,6489,1606,1.3420000000000007e-05
11,11,19,341,6283,1535,1.4076000000000012e-05
11,12,19,326,6197,1511,1.3484000000000008e-05
11,13,19,269,6265,1527,1.2812000000000005e-05
11,14,19,388,7308,1780,1.6436000000000034e-05
11,15,19,323,6496,1599,1.4108000000000011e-05
11,16,19,362,6757,1662,1.7296000000000015e-05
11,17,19,295,6405,1542,1.3388000000000006e-05
11,18,19,360,6408,1563,1.4420000000000014e-05
11,19,19,282,6221,1518,1.2652000000000002e-05
11,20,19,351,7112,1729,1.7344000000000012e-05
11,21,19,343,7051,1723,1.4684000000000016e-05
11,22,19,315,6688,1629,1.5188000000000021e-05
11,23,19,353,6171,1517,1.689600000000002e-05
11,24,19,346,6546,1592,1.5220000000000015e-05
11,25,19,324,6898,1689,1.3748000000000018e-05
11,26,19,331,6190,1522,1.410000000000001e-05
11,27,19,297,6081,1504,1.3900000000000011e-05
11,28,19,388,6841,1663,1.5308000000000024e-05
11,29,19,324,6771,1650,1.4436000000000012e-05
11,30,19,296,6496,1585,1.3116000000000011e-05
11,31,19,314,6260,1537,1.4532000000000013e-05
11,32,19,305,6921,1693,1.3804000000000014e-05
11,33,19,357,7055,1719,1.4356000000000011e-05
11,34,19,303,6317,1544,1.308400000000001e-05
11,35,19,333,6604,1615,1.708400000000003e-05
11,36,19,322,5864,1453,1.3292000000000006e-05
11,37,19,321,6347,1549,1.4580000000000021e-05
11,38,19,340,7183,1754,1.4620000000000014e-05
11,39,19,393,6495,1591,1.536400000000002e-05
11,40,19,329,6897,1679,1.4580000000000013e-05
11,41,19,324,6562,1609,1.4508000000000013e-05
11,42,19,346,6529,1599,1.5188000000000016e-05
11,43,19,332,6551,1606,1.449200000000002e-05
11,44,19,308,6163,1502,1.394800000000001e-05
11,45,19,354,6977,1689,1.6048000000000027e-05
11,46,19,304,6709,1646,1.2580000000000003e-05
11,47,19,358,7070,1714,1.4620000000000014e-05
11,48,19,355,6948,1694,1.4148000000000014e-05
11,49,19,323,6645,1626,1.560000000000003e-05
11,50,19,289,6259,1540,1.3172000000000005e-05
11,51,19,351,7028,1728,1.5460000000000018e-05
11,52,19,331,6311,1561,1.3596000000000008e-05
11,53,19,313,6454,1573,1.5396000000000027e-05
11,54,19,283,5878,1440,1.3300000000000006e-05
11,55,19,300,6524,1608,1.3556000000000007e-05
11,56,19,322,6248,1542,1.396400000000001e-05
11,57,19,322,6656,1627,1.347600000000001e-05
11,58,19,398,6443,1560,1.5836000000000023e-05
11,59,19,385,6001,1474,1.4952000000000032e-05
11,60,19,353,6834,1675,1.520400000000002e-05
11,61,19,360,6587,1631,1.562000000000002e-05
11,62,19,365,7115,1744,1.573200000000002e-05
11,63,19,361,6826,1674,1.4868000000000014e-05
11,64,19,332,6696,1615,1.4884000000000022e-05
11,65,19,331,6466,1578,1.4532000000000013e-05
11,66,19,303,7397,1795,1.5396000000000027e-05
11,67,19,330,6527,1593,1.3556000000000014e-05
11,68,19,352,6473,1565,1.4260000000000013e-05
11,69,19,282,6079,1492,1.494800000000002e-05
11,70,19,334,6653,1614,1.6956000000000032e-05
11,71,19,281,5677,1404,1.2940000000000007e-05
11,72,19,295,6442,1571,1.3236000000000005e-05
11,73,19,347,6586,1607,1.5124000000000022e-05
11,74,19,350,6997,1723,1.4444000000000013e-05
11,75,19,328,6713,1638,1.4012000000000011e-05
11,76,19,349,6674,1616,1.5628000000000024e-05
11,77,19,325,6698,1654,1.4436000000000012e-05
11,78,19,316,6159,1519,1.410000000000001e-05
11,79,19,365,6274,1534,1.4452000000000015e-05
11,80,19,389,7087,1721,1.6956000000000032e-05
11,81,19,327,6516,1588,1.359600000000001e-05
11,82,19,322,6408,1577,1.3060000000000007e-05
11,83,19,355,6327,1562,1.4084000000000013e-05
11,84,19,324,6092,1503,1.4228000000000012e-05
11,85,19,268,5921,1441,1.2276000000000002e-05
11,86,19,328,6261,1513,1.4532000000000013e-05
11,87,19,331,6552,1595,1.560000000000003e-05
11,88,19,330,7164,1735,1.4500000000000012e-05
11,89,19,323,6160,1532,1.407600000000001e-05
11,90,19,387,6637,1633,1.6364000000000025e-05
11,91,19,363,6989,1707,1.5460000000000018e-05
11,92,19,356,7224,1750,1.4772000000000015e-05
11,93,19,326,6151,1502,1.4140000000000012e-05
11,94,19,322,6490,1589,1.406800000000002e-05
11,95,19,333,6802,1655,1.4932000000000016e-05
11,96,19,394,6853,1648,1.7004000000000026e-05
11,97,19,328,6179,1524,1.4532000000000013e-05
11,98,19,382,6373,1566,1.5172000000000018e-05
11,99,19,324,6524,1581,1.4436000000000012e-05
11,100,19,350,6382,1559,1.4260000000000013e-05
11,101,19,355,6748,1641,1.5276000000000025e-05
11,102,19,324,6346,1559,1.354000000000001e-05
11,103,19,439,6847,1689,1.845200000000002e-05
11,104,19,315,6173,1498,1.611600000000003e-05
11,105,19,350,6999,1714,1.5124000000000015e-05
11,106,19,334,6348,1545,1.4268000000000013e-05
11,107,19,447,6934,1702,1.758800000000003e-05
11,108,19,348,7692,1855,1.5452000000000028e-05
11,109,19,347,7167,1749,1.5188000000000016e-05
11,110,19,362,7167,1744,1.4716000000000013e-05
11,111,19,315,6947,1712,1.5628000000000024e-05
11,112,19,325,6836,1677,1.4436000000000012e-05
11,113,19,383,6701,1637,1.6548000000000025e-05
11,114,19,328,6309,1542,1.3444000000000007e-05
11,115,19,352,6765,1655,1.7900000000000032e-05
11,116,19,360,6545,1594,1.558800000000002e-05
11,117,19,265,6020,1476,1.2812000000000004e-05
11,118,19,327,6176,1513,1.3332000000000007e-05
11,119,19,355,7395,1787,1.4356000000000013e-05
11,120,19,352,6729,1644,1.5460000000000018e-05
11,121,19,331,6328,1552,1.3340000000000008e-05
11,122,19,298,6101,1495,1.5276000000000025e-05
11,123,19,340,7197,1773,1.7404000000000035e-05
11,124,19,335,6351,1564,1.4108000000000011e-05
11,125,19,297,6256,1558,1.3292000000000006e-05
11,126,19,323,6372,1560,1.4100000000000016e-05
11,127,19,301,6297,1526,1.430400000000003e-05
11,128,19,310,6905,1687,1.359600000000001e-05
11,129,19,270,6156,1492,1.3804000000000014e-05
11,130,19,273,6241,1525,1.2372000000000003e-05
11,131,19,350,7160,1740,1.4564000000000015e-05
11,132,19,283,6550,1601,1.3708000000000013e-05
11,133,19,340,6905,1680,1.478800000000002e-05
11,134,14,352,4813,1172,1.4324000000000014e-05
12,0,19,391,6941,1698,1.577200000000002e-05
12,1,19,341,7134,1737,1.4532000000000013e-05
12,2,19,330,6700,1662,1.4532000000000013e-05
12,3,19,327,6201,1524,1.3556000000000014e-05
12,4,19,403,6504,1596,1.5912000000000027e-05
12,5,19,346,7273,1770,1.5100000000000016e-05
12,6,19,297,6499,1598,1.3052000000000006e-05
12,7,19,280,6594,1601,1.3748000000000018e-05
12,8,19,414,6740,1668,1.7004000000000026e-05
12,9,19,349,6928,1697,1.410000000000001e-05
12,10,19,355,6853,1665,1.4988000000000015e-05
12,11,19,344,6752,1653,1.5668000000000027e-05
12,12,19,385,6376,1566,1.7804000000000035e-05
12,13,19,328,6394,1568,1.396400000000001e-05
12,14,19,257,5979,1470,1.3444000000000014e-05
12,15,19,312,6337,1553,1.4444000000000013e-05
12,16,19,292,6571,1621,1.633200000000003e-05
12,17,19,415,7288,1776,1.6324000000000025e-05
12,18,19,333,6727,1654,1.4988000000000015e-05
12,19,19,324,6852,1669,1.4436000000000012e-05
12,20,19,316,6827,1654,1.4012000000000011e-05
12,21,19,389,7519,1836,1.570800000000002e-05
12,22,19,322,6434,1590,1.3924000000000016e-05
12,23,19,332,6423,1567,1.3260000000000012e-05
12,24,19,351,6291,1545,1.4260000000000013e-05
12,25,19,364,7730,1878,1.6016000000000028e-05
12,26,19,354,6684,1634,1.4588000000000013e-05
12,27,19,391,6721,1632,1.6908000000000025e-05
12,28,19,306,6396,1556,1.3316000000000013e-05
12,29,19,372,7228,1749,1.4352000000000028e-05
12,30,19,292,6293,1557,1.2692000000000003e-05
12,31,19,325,6566,1600,1.3412000000000013e-05
12,32,19,363,6276,1554,1.5652000000000022e-05
12,33,19,295,6029,1496,1.3052000000000006e-05
12,34,19,353,6640,1610,1.7332000000000037e-05
12,35,19,302,6215,1534,1.3148000000000007e-05
12,36,19,328,6582,1610,1.3556000000000014e-05
12,37,19,316,7118,1727,1.4012000000000011e-05
12,38,19,354,6097,1511,1.4116000000000014e-05
12,39,19,342,6224,1530,1.6736000000000017e-05
12,40,19,367,6651,1643,1.5164000000000018e-05
12,41,19,323,6673,1612,1.577600000000003e-05
12,42,19,282,6399,1570,1.3356000000000007e-05
12,43,19,354,7416,1794,1.624400000000003e-05
12,44,19,362,6491,1608,1.4224000000000027e-05
12,45,19,351,7143,1742,1.5196000000000017e-05
12,46,19,331,6501,1580,1.3316000000000013e-05
12,47,19,329,6341,1549,1.3708000000000013e-05
12,48,19,305,6695,1643,1.4260000000000011e-05
12,49,19,328,6423,1581,1.4188000000000016e-05
12,50,19,350,6561,1602,1.5196000000000017e-05
12,51,19,347,6500,1592,1.5188000000000016e-05
12,52,19,360,6176,1522,1.562000000000002e-05
12,53,19,341,6351,1547,1.5036000000000015e-05
12,54,19,332,6917,1673,1.410000000000001e-05
12,55,19,327,6639,1591,1.4228000000000012e-05
12,56,19,334,6192,1516,1.4540000000000013e-05
12,57,19,352,6423,1579,1.5460000000000018e-05
12,58,19,323,6042,1478,1.4436000000000017e-05
12,59,19,316,6801,1651,1.410000000000001e-05
12,60,19,346,6905,1688,1.4260000000000013e-05
12,61,19,384,7263,1770,1.6068000000000023e-05
12,62,19,259,6083,1519,1.4164000000000015e-05
12,63,19,395,7180,1749,1.6428000000000023e-05
12,64,19,326,6614,1622,1.587200000000003e-05
12,65,19,317,6186,1521,1.3388000000000006e-05
12,66,19,331,6480,1581,1.3556000000000007e-05
12,67,19,326,6906,1685,1.5516000000000026e-05
12,68,19,293,6338,1558,1.4068000000000015e-05
12,69,19,342,6275,1542,1.4228000000000012e-05
12,70,19,383,6906,1693,1.6372000000000022e-05
12,71,19,359,7152,1744,1.7072000000000015e-05
12,72,19,331,6451,1596,1.4988000000000015e-05
12,73,19,327,6400,1577,1.3900000000000011e-05
12,74,19,384,6598,1596,1.523600000000002e-05
12,75,19,364,6781,1638,1.5108000000000017e-05
12,76,19,335,6456,1592,1.4564000000000013e-05
12,77,19,344,6516,1582,1.587600000000003e-05
12,78,19,404,7074,1726,1.6948000000000028e-05
12,79,19,362,6993,1692,1.4284000000000016e-05
12,80,19,299,6255,1556,1.2780000000000003e-05
12,81,19,360,6947,1705,1.577600000000003e-05
12,82,19,342,6118,1508,1.4196000000000011e-05
12,83,19,300,6635,1630,1.3556000000000007e-05
12,84,19,316,6589,1606,1.410000000000001e-05
12,85,19,355,6760,1651,1.4532000000000013e-05
12,86,19,347,7061,1732,1.5188000000000016e-05
12,87,19,370,6489,1598,1.4932000000000016e-05
12,88,19,328,7069,1720,1.4532000000000013e-05
12,89,19,294,6533,1603,1.5764000000000027e-05
12,90,19,351,7331,1811,1.5460000000000018e-05
12,91,19,398,7543,1828,1.8884000000000025e-05
12,92,19,241,5552,1368,1.1787999999999998e-05
12,93,19,330,6784,1642,1.4868000000000014e-05
12,94,19,315,6134,1508,1.4012000000000011e-05
12,95,19,348,6761,1661,1.4260000000000013e-05
12,96,19,346,6238,1514,1.5220000000000015e-05
12,97,19,263,6278,1538,1.2396000000000003e-05
12,98,19,330,7155,1740,1.5188000000000021e-05
12,99,19,374,5966,1476,1.5212000000000018e-05
12,100,19,332,6743,1630,1.4644000000000014e-05
12,101,19,326,6918,1685,1.6052000000000025e-05
12,102,19,320,6299,1554,1.4644000000000021e-05
12,103,19,349,6752,1653,1.4116000000000014e-05
12,104,19,301,6496,1587,1.3316000000000013e-05
12,105,19,306,6387,1566,1.4164000000000019e-05
12,106,19,347,7031,1714,1.4260000000000013e-05
12,107,19,311,6385,1553,1.5404000000000024e-05
12,108,19,270,5983,1453,1.2268000000000002e-05
12,109,19,355,7370,1812,1.4324000000000014e-05
12,110,19,388,6977,1712,1.6364000000000025e-05
12,111,19,348,6780,1659,1.4620000000000014e-05
12,112,19,289,5893,1425,1.3204000000000013e-05
12,113,19,335,7259,1765,1.5084000000000015e-05
12,114,19,320,7298,1783,1.4196000000000011e-05
12,115,19,312,6285,1544,1.3740000000000009e-05
12,116,19,317,6437,1585,1.3468000000000007e-05
12,117,19,363,7002,1709,1.4764000000000013e-05
12,118,19,354,6578,1610,1.560000000000003e-05
12,119,19,383,7034,1718,1.544400000000002e-05
12,120,19,328,6802,1673,1.4580000000000013e-05
12,121,19,330,6397,1571,1.3188000000000008e-05
12,122,19,482,7401,1808,1.9084000000000016e-05
12,123,19,346,6357,1564,1.5188000000000016e-05
12,124,19,283,5781,1417,1.2652000000000002e-05
12,125,19,360,6758,1651,1.4224000000000027e-05
12,126,19,351,6388,1576,1.5196000000000017e-05
12,127,19,354,6474,1576,1.662800000000003e-05
12,128,19,278,5411,1351,1.1851999999999996e-05
12,129,19,324,6640,1625,1.4452000000000013e-05
12,130,19,273,6269,1534,1.2212000000000001e-05
12,131,19,352,5954,1458,1.4148000000000014e-05
12,132,19,348,6513,1583,1.4380000000000013e-05
12,133,19,323,6712,1659,1.429200000000002e-05
12,134,14,328,5154,1270,1.4580000000000013e-05
13,0,19,385,6590,1613,1.4700000000000017e-05
13,1,19,349,6827,1676,1.4740000000000022e-05
13,2,19,269,6347,1548,1.3556000000000014e-05
13,3,19,315,6633,1632,1.4164000000000019e-05
13,4,19,353,6684,1622,1.3876000000000018e-05
13,5,19,292,6405,1580,1.3780000000000009e-05
13,6,19,331,6492,1596,1.406800000000002e-05
13,7,19,389,7008,1696,1.6364000000000025e-05
13,8,19,354,6515,1587,1.4164000000000019e-05
13,9,19,393,7034,1703,1.5404000000000024e-05
13,10,19,333,6885,1692,1.4564000000000013e-05
13,11,19,327,6070,1501,1.378800000000001e-05
13,12,19,354,7309,1769,1.569600000000003e-05
13,13,19,292,6354,1561,1.2692000000000003e-05
13,14,19,332,6505,1609,1.3532000000000009e-05
13,15,19,361,6813,1674,1.520400000000002e-05
13,16,19,380,6625,1628,1.6548000000000025e-05
13,17,19,268,6040,1467,1.2756000000000005e-05
13,18,19,357,7539,1827,1.5668000000000027e-05
13,19,19,357,6650,1613,1.5556000000000022e-05
13,20,19,301,7340,1787,1.361200000000001e-05
13,21,19,324,6398,1550,1.657200000000003e-05
13,22,19,412,6614,1631,1.763600000000003e-05
13,23,19,358,6795,1648,1.577600000000003e-05
13,24,19,333,7279,1783,1.4516000000000013e-05
13,25,19,386,7064,1706,1.523600000000002e-05
13,26,19,316,6432,1573,1.4012000000000011e-05
13,27,19,293,6456,1585,1.3492000000000006e-05
13,28,19,331,6594,1609,1.3716000000000009e-05
13,29,19,296,6077,1501,1.3348000000000005e-05
13,30,19,363,6433,1582,1.4684000000000014e-05
13,31,19,320,6626,1625,1.4108000000000011e-05
13,32,19,360,6420,1564,1.3960000000000026e-05
13,33,19,353,6821,1666,1.4180000000000013e-05
13,34,19,301,6652,1625,1.2452000000000002e-05
13,35,19,300,6922,1685,1.3684000000000015e-05
13,36,19,321,6452,1587,1.3412000000000013e-05
13,37,19,382,6598,1602,1.523600000000002e-05
13,38,19,324,6580,1599,1.3236000000000007e-05
13,39,19,326,6436,1578,1.3356000000000007e-05
13,40,19,363,6602,1625,1.4684000000000014e-05
13,41,19,287,6395,1567,1.3364000000000008e-05
13,42,19,356,6756,1663,1.4324000000000014e-05
13,43,19,420,7955,1932,1.5960000000000023e-05
13,44,19,332,6171,1502,1.3444000000000014e-05
13,45,19,332,6993,1687,1.4564000000000013e-05
13,46,19,355,6790,1654,1.4348000000000012e-05
13,47,19,317,6735,1645,1.4012000000000011e-05
13,48,19,322,6465,1581,1.3556000000000007e-05
13,49,19,288,6412,1564,1.3236000000000005e-05
13,50,19,255,6791,1660,1.2644000000000006e-05
13,51,19,371,7100,1723,1.5764000000000027e-05
13,52,19,328,7218,1762,1.4868000000000014e-05
13,53,19,367,6947,1700,1.4748000000000015e-05
13,54,19,358,7131,1745,1.5436000000000016e-05
13,55,19,247,5746,1436,1.2228000000000007e-05
13,56,19,395,6843,1673,1.6428000000000023e-05
13,57,19,296,6294,1536,1.2812000000000004e-05
13,58,19,393,6461,1576,1.6428000000000023e-05
13,59,19,315,5988,1458,1.410000000000001e-05
13,60,19,362,6618,1611,1.4532000000000013e-05
13,61,19,321,6015,1477,1.406800000000002e-05
13,62,19,342,6099,1484,1.5036000000000015e-05
13,63,19,448,7779,1884,1.7588000000000032e-05
13,64,19,333,6735,1636,1.3188000000000008e-05
13,65,19,341,6703,1653,1.5124000000000015e-05
13,66,19,353,6651,1631,1.4324000000000014e-05
13,67,19,353,7102,1716,1.5460000000000018e-05
13,68,19,402,6739,1659,1.6556000000000026e-05
13,69,19,267,6723,1632,1.298800000000001e-05
13,70,19,316,6399,1577,1.369200000000001e-05
13,71,19,327,6867,1672,1.363600000000001e-05
13,72,19,314,6438,1579,1.6724000000000035e-05
13,73,19,301,6969,1701,1.5188000000000021e-05
13,74,19,328,6082,1477,1.3156000000000006e-05
13,75,19,311,6550,1593,1.4036000000000016e-05
13,76,19,322,6162,1528,1.4036000000000016e-05
13,77,19,350,6987,1711,1.4084000000000013e-05
13,78,19,400,7011,1732,2.0460000000000007e-05
13,79,19,329,6567,1600,1.4444000000000013e-05
13,80,19,282,6508,1590,1.2756000000000005e-05
13,81,19,322,6516,1596,1.3236000000000007e-05
13,82,19,333,6547,1619,1.5748000000000026e-05
13,83,19,327,6606,1604,1.4100000000000016e-05
13,84,19,360,6765,1662,1.4420000000000014e-05
13,85,19,320,6222,1533,1.4108000000000011e-05
13,86,19,337,6693,1638,1.3556000000000007e-05
13,87,19,328,6379,1555,1.3292000000000006e-05
13,88,19,320,6578,1606,1.4564000000000022e-05
13,89,19,310,6518,1596,1.460800000000003e-05
13,90,19,322,6600,1608,1.3060000000000007e-05
13,91,19,333,7050,1702,1.4572000000000014e-05
13,92,19,359,6640,1637,1.5276000000000025e-05
13,93,19,305,6359,1557,1.3316000000000013e-05
13,94,19,340,6537,1609,1.6140000000000025e-05
13,95,19,387,6700,1628,1.5508000000000018e-05
13,96,19,361,7264,1776,1.5908000000000025e-05
13,97,19,362,7425,1825,1.5124000000000015e-05
13,98,19,363,6696,1626,1.573200000000002e-05
13,99,19,316,7224,1759,1.394800000000001e-05
13,100,19,294,6555,1595,1.2652000000000004e-05
13,101,19,349,6196,1507,1.4260000000000013e-05
13,102,19,363,6918,1684,1.5652000000000022e-05
13,103,19,281,6411,1556,1.5188000000000021e-05
13,104,19,361,6909,1693,1.5556000000000022e-05
13,105,19,365,6926,1712,1.4748000000000015e-05
13,106,19,298,6935,1709,1.2548000000000003e-05
13,107,19,320,6094,1496,1.372400000000001e-05
13,108,19,375,7461,1824,1.5156000000000015e-05
13,109,19,297,6514,1596,1.473200000000002e-05
13,110,19,357,6592,1601,1.4324000000000012e-05
13,111,19,296,5980,1472,1.3356000000000007e-05
13,112,19,324,6942,1697,1.4436000000000012e-05
13,113,19,345,7139,1742,1.5188000000000016e-05
13,114,19,324,6774,1657,1.4436000000000012e-05
13,115,19,301,6475,1587,1.3556000000000007e-05
13,116,19,352,7037,1725,1.4324000000000014e-05
13,117,19,389,6723,1635,1.6964000000000036e-05
13,118,19,353,6982,1694,1.5460000000000018e-05
13,119,19,294,6740,1639,1.3300000000000006e-05
13,120,19,385,6942,1695,1.549200000000002e-05
13,121,19,308,6512,1600,1.4380000000000011e-05
13,122,19,323,6577,1603,1.3948000000000013e-05
13,123,19,387,6500,1589,1.544400000000002e-05
13,124,19,316,6582,1613,1.4012000000000011e-05
13,125,19,364,6599,1605,1.5652000000000022e-05
13,126,19,343,6759,1657,1.633200000000003e-05
13,127,19,349,7205,1736,1.554000000000002e-05
13,128,19,329,6284,1535,1.4436000000000012e-05
13,129,19,340,6884,1693,1.5036000000000015e-05
13,130,19,358,6973,1693,1.4444000000000013e-05
13,131,19,358,6683,1644,1.4348000000000012e-05
13,132,19,336,6870,1681,1.587200000000003e-05
13,133,19,295,6296,1539,1.3388000000000006e-05
13,134,14,331,5000,1224,1.3340000000000008e-05
14,0,19,352,6731,1656,1.4796000000000016e-05
14,1,19,340,6365,1562,1.396800000000003e-05
14,2,19,326,6915,1684,1.4196000000000011e-05
14,3,19,351,6531,1606,1.4108000000000011e-05
14,4,19,351,6398,1578,1.4084000000000013e-05
14,5,19,332,6390,1584,1.3596000000000008e-05
14,6,19,315,6553,1595,1.3580000000000009e-05
14,7,19,365,7031,1708,1.5188000000000018e-05
14,8,19,347,6731,1650,1.4260000000000013e-05
14,9,19,327,6963,1708,1.4196000000000016e-05
14,10,19,301,6798,1655,1.3420000000000007e-05
14,11,19,316,5842,1431,1.3412000000000013e-05
14,12,19,352,7105,1724,1.4324000000000014e-05
14,13,19,324,6771,1638,1.4228000000000012e-05
14,14,19,322,6311,1557,1.3068000000000006e-05
14,15,19,267,5750,1437,1.2660000000000004e-05
14,16,19,359,7162,1736,1.4436000000000012e-05
14,17,19,351,6527,1598,1.6236000000000025e-05
14,18,19,323,6220,1530,1.3236000000000007e-05
14,19,19,353,7006,1708,1.5100000000000016e-05
14,20,19,410,7589,1839,1.6436000000000024e-05
14,21,19,332,7195,1761,1.4580000000000013e-05
14,22,19,292,6731,1629,1.3708000000000013e-05
14,23,19,355,6200,1524,1.4148000000000014e-05
14,24,19,341,6477,1566,1.5412000000000018e-05
14,25,19,324,6405,1575,1.6236000000000025e-05
14,26,19,386,7273,1774,1.4436000000000012e-05
14,27,19,351,6599,1618,1.4532000000000013e-05
14,28,19,297,6774,1658,1.5516000000000026e-05
14,29,19,329,6431,1585,1.4532000000000013e-05
14,30,19,356,7290,1767,1.5228000000000018e-05
14,31,19,333,6526,1583,1.8532000000000025e-05
14,32,19,330,7150,1736,1.3596000000000008e-05
14,33,19,283,5742,1413,1.520400000000002e-05
14,34,19,312,6991,1726,1.359600000000001e-05
14,35,19,333,7449,1806,1.4644000000000014e-05
14,36,19,275,5737,1419,1.3316000000000013e-05
14,37,19,326,6236,1540,1.4172000000000011e-05
14,38,19,324,6449,1575,1.560000000000003e-05
14,39,19,321,6997,1732,1.577600000000003e-05
14,40,19,332,6505,1588,1.6048000000000027e-05
14,41,19,300,6429,1577,1.3364000000000008e-05
14,42,19,393,7212,1769,1.9183999999999998e-05
14,43,19,315,6632,1614,1.653200000000003e-05
14,44,19,384,6998,1721,1.552400000000002e-05
14,45,19,335,5912,1463,1.3692000000000009e-05
14,46,19,351,7290,1779,1.528400000000002e-05
14,47,19,312,6859,1685,1.394800000000001e-05
14,48,19,322,6402,1585,1.4196000000000016e-05
14,49,19,363,6418,1567,1.8524000000000025e-05
14,50,19,324,6807,1653,1.5188000000000023e-05
14,51,19,300,6054,1507,1.3556000000000007e-05
14,52,19,317,6533,1608,1.3556000000000007e-05
14,53,19,321,7100,1730,1.3284000000000014e-05
14,54,19,306,6793,1660,1.4260000000000011e-05
14,55,19,419,7296,1788,1.633600000000002e-05
14,56,19,394,7405,1783,1.5884000000000023e-05
14,57,19,321,6336,1559,1.4404000000000012e-05
14,58,19,349,6632,1618,1.4084000000000013e-05
14,59,19,348,6885,1685,1.680000000000002e-05
14,60,19,390,6683,1625,1.6212000000000024e-05
14,61,19,385,7038,1723,1.4756000000000021e-05
14,62,19,327,6444,1578,1.4804000000000014e-05
14,63,19,350,6637,1622,1.4740000000000015e-05
14,64,19,344,6612,1617,1.5036000000000015e-05
14,65,19,260,6126,1509,1.4100000000000016e-05
14,66,19,315,6434,1575,1.410000000000001e-05
14,67,19,322,6532,1603,1.407600000000001e-05
14,68,19,388,7150,1753,1.5508000000000018e-05
14,69,19,383,6896,1658,1.4952000000000032e-05
14,70,19,327,6399,1577,1.4436000000000012e-05
14,71,19,355,6507,1588,1.4148000000000014e-05
14,72,19,362,6721,1653,1.4452000000000015e-05
14,73,19,270,6056,1483,1.2276e-05
14,74,19,326,6519,1595,1.4436000000000012e-05
14,75,19,391,6932,1696,1.6908000000000025e-05
14,76,19,301,6389,1560,1.308400000000001e-05
14,77,19,340,6139,1510,1.372400000000001e-05
14,78,19,325,6329,1550,1.3836000000000015e-05
14,79,19,351,7468,1784,1.5460000000000018e-05
14,80,19,354,6849,1701,1.7344000000000012e-05
14,81,19,302,6392,1561,1.3236000000000005e-05
14,82,19,328,6664,1624,1.4580000000000013e-05
14,83,19,351,6740,1648,1.528400000000002e-05
14,84,19,329,6284,1533,1.4964000000000015e-05
14,85,19,393,7229,1745,1.577200000000002e-05
14,86,19,323,6359,1548,1.5180000000000022e-05
14,87,19,349,6587,1610,1.4260000000000013e-05
14,88,19,351,6935,1689,1.5460000000000018e-05
14,89,19,353,7306,1784,1.5124000000000015e-05
14,90,19,353,7119,1754,1.5460000000000018e-05
14,91,19,296,6206,1523,1.3716000000000009e-05
14,92,19,403,7088,1706,1.5736000000000027e-05
14,93,19,375,7407,1789,1.5156000000000015e-05
14,94,19,322,6472,1580,1.5588000000000028e-05
14,95,19,325,6973,1704,1.4228000000000012e-05
14,96,19,282,6056,1485,1.3388000000000006e-05
14,97,19,354,6467,1584,1.4324000000000014e-05
14,98,19,321,6704,1634,1.347600000000001e-05
14,99,19,321,6061,1507,1.3524000000000006e-05
14,100,19,377,6837,1670,1.582000000000002e-05
14,101,19,364,6966,1706,1.4444000000000013e-05
14,102,19,302,6074,1502,1.3828000000000016e-05
14,103,19,354,6457,1590,1.4740000000000022e-05
14,104,19,365,7003,1722,1.5036000000000015e-05
14,105,19,355,6244,1538,1.4324000000000014e-05
14,106,19,346,7370,1780,1.5668000000000027e-05
14,107,19,317,7254,1768,1.4012000000000011e-05
14,108,19,376,7165,1739,1.636400000000002e-05
14,109,19,325,6540,1599,1.560400000000003e-05
14,110,19,328,5862,1453,1.360400000000001e-05
14,111,19,328,6422,1570,1.4012000000000016e-05
14,112,19,335,7374,1810,1.6144000000000024e-05
14,113,19,322,6626,1648,1.407600000000001e-05
14,114,19,346,6845,1666,1.5396000000000027e-05
14,115,19,385,7018,1710,1.541200000000002e-05
14,116,19,367,6297,1554,1.4932000000000016e-05
14,117,19,332,6976,1695,1.3596000000000008e-05
14,118,19,379,6598,1610,1.4712000000000031e-05
14,119,19,362,6750,1645,1.4276000000000015e-05
14,120,19,383,6525,1611,1.534800000000002e-05
14,121,19,352,6454,1580,1.5460000000000018e-05
14,122,19,342,6762,1656,1.5124000000000015e-05
14,123,19,342,6464,1573,1.5036000000000015e-05
14,124,19,301,6441,1580,1.5820000000000028e-05
14,125,19,424,7059,1717,1.640000000000002e-05
14,126,19,394,6996,1708,1.7004000000000026e-05
14,127,19,348,6671,1643,1.4084000000000013e-05
14,128,19,301,6529,1587,1.298800000000001e-05
14,129,19,358,6519,1588,1.566800000000002e-05
14,130,19,297,6226,1525,1.2356000000000002e-05
14,131,19,275,6167,1526,1.482800000000002e-05
14,132,19,291,6532,1599,1.4164000000000019e-05
14,133,19,357,6852,1674,1.5036000000000015e-05
14,134,14,240,4499,1093,1.1819999999999999e-05
15,0,19,394,7117,1744,1.5956000000000025e-05
15,1,19,360,7119,1742,1.546800000000002e-05
15,2,19,295,6460,1595,1.406800000000002e-05
15,3,19,356,6710,1636,1.5460000000000018e-05
15,4,19,325,6484,1594,1.3444000000000007e-05
15,5,19,376,6590,1603,1.6708000000000027e-05
15,6,19,390,7303,1778,1.6908000000000025e-05
15,7,19,407,6214,1519,1.6788000000000026e-05
15,8,19,344,6569,1604,1.4684000000000016e-05
15,9,19,393,7049,1709,1.6972000000000027e-05
15,10,19,321,6507,1578,1.3652000000000014e-05
15,11,19,357,6726,1644,1.552400000000002e-05
15,12,19,321,6370,1570,1.4012000000000011e-05
15,13,19,383,6957,1709,1.523600000000002e-05
15,14,19,317,6391,1581,1.5452000000000028e-05
15,15,19,363,6498,1598,1.573200000000002e-05
15,16,19,316,6309,1554,1.3900000000000011e-05
15,17,19,276,6343,1555,1.298800000000001e-05
15,18,19,346,7713,1875,1.5188000000000016e-05
15,19,19,352,7067,1733,1.534000000000002e-05
15,20,19,351,6403,1573,1.4420000000000013e-05
15,21,19,309,6637,1635,1.4380000000000011e-05
15,22,19,324,6664,1627,1.4164000000000019e-05
15,23,19,324,6522,1599,1.5668000000000027e-05
15,24,19,336,6738,1645,1.4644000000000021e-05
15,25,19,327,6682,1619,1.3556000000000007e-05
15,26,19,351,7261,1768,1.5196000000000017e-05
15,27,19,365,6894,1698,1.4748000000000015e-05
15,28,19,398,7129,1748,1.6492000000000024e-05
15,29,19,392,6972,1688,1.5080000000000033e-05
15,30,19,301,6291,1550,1.2876000000000003e-05
15,31,19,331,6651,1631,1.4316000000000017e-05
15,32,19,332,6998,1698,1.4676000000000013e-05
15,33,19,394,7295,1773,1.6428000000000023e-05
15,34,19,325,6372,1552,1.3156000000000006e-05
15,35,19,336,6912,1685,1.590400000000003e-05
15,36,19,323,6219,1515,1.347600000000001e-05
15,37,19,352,6615,1613,1.534000000000002e-05
15,38,19,352,6848,1685,1.4860000000000014e-05
15,39,19,361,6459,1581,1.4692000000000016e-05
15,40,19,333,6401,1582,1.4676000000000013e-05
15,41,19,356,7439,1818,1.4620000000000014e-05
15,42,19,280,6762,1657,1.3316000000000013e-05
15,43,19,366,6865,1671,1.4356000000000013e-05
15,44,19,332,6378,1556,1.3828000000000016e-05
15,45,19,265,6436,1577,1.4100000000000016e-05
15,46,19,292,6146,1513,1.3540000000000008e-05
15,47,19,333,6771,1642,1.4644000000000014e-05
15,48,19,354,6625,1621,1.4292000000000013e-05
15,49,19,291,6744,1659,1.2972000000000006e-05
15,50,19,344,6525,1592,1.7236000000000036e-05
15,51,19,316,7258,1758,1.4012000000000011e-05
15,52,19,324,6766,1662,1.4436000000000012e-05
15,53,19,317,6540,1589,1.3356000000000007e-05
15,54,19,325,6466,1585,1.3780000000000009e-05
15,55,19,326,7207,1733,1.5208000000000036e-05
15,56,19,327,6455,1571,1.3172000000000005e-05
15,57,19,324,6992,1718,1.4228000000000012e-05
15,58,19,329,6731,1643,1.4532000000000013e-05
15,59,19,352,6389,1564,1.4324000000000014e-05
15,60,19,411,7275,1777,1.597600000000002e-05
15,61,19,332,6341,1547,1.4100000000000016e-05
15,62,19,348,6694,1635,1.5188000000000016e-05
15,63,19,355,6616,1619,1.410000000000002e-05
15,64,19,321,6625,1632,1.410000000000001e-05
15,65,19,317,6795,1656,1.4012000000000011e-05
15,66,19,322,6522,1588,1.3332000000000014e-05
15,67,19,323,6727,1637,1.3804000000000009e-05
15,68,19,346,6500,1588,1.5188000000000016e-05
15,69,19,341,6818,1652,1.372400000000001e-05
15,70,19,316,6235,1535,1.3172000000000005e-05
15,71,19,327,6348,1538,1.4108000000000011e-05
15,72,19,323,6683,1628,1.5668000000000027e-05
15,73,19,329,6522,1619,1.7236000000000036e-05
15,74,19,348,6636,1624,1.4084000000000013e-05
15,75,19,325,6640,1619,1.4436000000000012e-05
15,76,19,347,6617,1606,1.5188000000000016e-05
15,77,19,304,6393,1576,1.3556000000000007e-05
15,78,19,317,6854,1679,1.4012000000000011e-05
15,79,19,336,7136,1728,1.3876000000000009e-05
15,80,19,387,6815,1657,1.562000000000002e-05
15,81,19,307,7335,1796,1.396400000000001e-05
15,82,19,346,6666,1609,1.5100000000000016e-05
15,83,19,390,7039,1726,1.6364000000000025e-05
15,84,19,321,6469,1583,1.4068000000000015e-05
15,85,19,420,6844,1663,1.690800000000003e-05
15,86,19,361,6954,1697,1.4276000000000015e-05
15,87,19,323,6550,1616,1.4436000000000012e-05
15,88,19,360,6393,1557,1.5844000000000027e-05
15,89,19,296,6350,1555,1.3116000000000011e-05
15,90,19,322,6590,1614,1.407600000000001e-05
15,91,19,358,7089,1729,1.3676000000000011e-05
15,92,19,308,6636,1630,1.4380000000000011e-05
15,93,19,333,7217,1754,1.7236000000000036e-05
15,94,19,343,6994,1687,1.5180000000000017e-05
15,95,19,309,6538,1588,1.3684000000000008e-05
15,96,19,324,6903,1685,1.394000000000001e-05
15,97,19,306,6747,1640,1.3492000000000009e-05
15,98,19,411,7150,1742,1.5800000000000028e-05
15,99,19,324,6381,1588,1.4012000000000011e-05
15,100,19,272,6052,1487,1.2644000000000008e-05
15,101,19,297,7031,1724,1.3556000000000014e-05
15,102,19,327,6670,1632,1.347600000000001e-05
15,103,19,316,6284,1536,1.4012000000000011e-05
15,104,19,354,6820,1662,1.4932000000000016e-05
15,105,19,324,6373,1574,1.4260000000000011e-05
15,106,19,328,6677,1645,1.4556000000000021e-05
15,107,19,322,6773,1655,1.3484000000000008e-05
15,108,19,296,6109,1487,1.3412000000000013e-05
15,109,19,331,6712,1652,1.4228000000000012e-05
15,110,19,345,6908,1694,1.4172000000000013e-05
15,111,19,416,6867,1684,1.6916000000000026e-05
15,112,19,371,6769,1640,1.7172000000000038e-05
15,113,19,385,7258,1764,1.8368e-05
15,114,19,323,6562,1617,1.3236000000000007e-05
15,115,19,325,6593,1617,1.4012000000000011e-05
15,116,19,381,7468,1807,1.5452000000000028e-05
15,117,19,357,6978,1706,1.644400000000003e-05
15,118,19,326,6942,1698,1.407600000000001e-05
15,119,19,297,6723,1658,1.363600000000001e-05
15,120,19,346,6477,1584,1.5188000000000016e-05
15,121,19,374,6184,1504,1.4684000000000017e-05
15,122,19,311,6924,1693,1.4444000000000013e-05
15,123,19,362,7043,1716,1.4644000000000014e-05
15,124,19,386,7424,1791,1.4952000000000032e-05
15,125,19,341,6992,1714,1.6268000000000028e-05
15,126,19,324,7107,1728,1.7740000000000037e-05
15,127,19,339,7072,1722,1.4012000000000011e-05
15,128,19,317,6408,1573,1.662800000000003e-05
15,129,19,353,6723,1636,1.534000000000002e-05
15,130,19,324,6863,1675,1.4436000000000012e-05
15,131,19,314,6656,1623,1.4388000000000012e-05
15,132,19,326,6622,1622,1.393200000000001e-05
15,133,19,323,6811,1653,1.3356000000000007e-05
15,134,14,326,4965,1202,1.3060000000000007e-05
16,0,19,321,6708,1630,1.3556000000000007e-05
16,1,19,331,6852,1669,1.4532000000000013e-05
16,2,19,363,6766,1660,1.4012000000000011e-05
16,3,19,327,6321,1550,1.4068000000000015e-05
16,4,19,357,6853,1679,1.4620000000000014e-05
16,5,19,322,7114,1736,1.3652000000000008e-05
16,6,19,352,6541,1613,1.5924000000000022e-05
16,7,19,301,5983,1481,1.3468000000000009e-05
16,8,19,395,7551,1827,1.6972000000000027e-05
16,9,19,309,6654,1634,1.3676000000000008e-05
16,10,19,321,6353,1554,1.4372000000000012e-05
16,11,19,317,6883,1675,1.5372000000000025e-05
16,12,19,393,7127,1730,1.5312000000000032e-05
16,13,19,360,7030,1699,1.8620000000000025e-05
16,14,19,297,6280,1544,1.358000000000001e-05
16,15,19,325,6336,1547,1.4228000000000012e-05
16,16,19,290,6794,1677,1.4164000000000019e-05
16,17,19,321,6222,1530,1.3716000000000009e-05
16,18,19,331,6495,1590,1.354000000000001e-05
16,19,19,331,6252,1519,1.4108000000000011e-05
16,20,19,316,6409,1575,1.410000000000001e-05
16,21,19,330,6825,1664,1.5396000000000023e-05
16,22,19,351,6583,1604,1.630800000000003e-05
16,23,19,362,7005,1721,1.582800000000003e-05
16,24,19,325,6600,1614,1.4436000000000012e-05
16,25,19,341,7143,1749,1.5412000000000018e-05
16,26,19,275,6586,1604,1.4100000000000016e-05
16,27,19,363,6672,1618,1.5220000000000017e-05
16,28,19,301,6465,1569,1.4660000000000022e-05
16,29,19,348,6989,1696,1.5148000000000017e-05
16,30,19,312,6685,1637,1.406800000000002e-05
16,31,19,292,6400,1571,1.3804000000000014e-05
16,32,19,331,6467,1582,1.3596000000000008e-05
16,33,19,337,6840,1679,1.5004000000000016e-05
16,34,19,395,7153,1730,1.958000000000002e-05
16,35,19,328,6764,1667,1.4532000000000013e-05
16,36,19,343,6691,1647,1.5124000000000015e-05
16,37,19,356,6599,1598,1.587200000000003e-05
16,38,19,366,7078,1724,1.5628000000000024e-05
16,39,19,342,6286,1546,1.4228000000000012e-05
16,40,19,325,6405,1563,1.4164000000000015e-05
16,41,19,353,6756,1638,1.478800000000002e-05
16,42,19,333,6733,1641,1.4196000000000011e-05
16,43,19,328,7619,1861,1.4436000000000012e-05
16,44,19,346,6811,1658,1.577600000000003e-05
16,45,19,321,6160,1522,1.560000000000003e-05
16,46,19,349,6833,1668,1.410000000000001e-05
16,47,19,347,6950,1703,1.4556000000000014e-05
16,48,19,364,7067,1713,1.5052000000000016e-05
16,49,19,332,6492,1580,1.4644000000000014e-05
16,50,19,397,6648,1626,1.7068000000000027e-05
16,51,19,351,6084,1485,1.4084000000000013e-05
16,52,19,332,6761,1646,1.4196000000000016e-05
16,53,19,351,6387,1566,1.4084000000000013e-05
16,54,19,353,6762,1636,1.6052000000000025e-05
16,55,19,327,6669,1651,1.402800000000001e-05
16,56,19,332,7388,1782,1.5728000000000033e-05
16,57,19,350,6985,1716,1.528400000000002e-05
16,58,19,376,6838,1657,1.4712000000000031e-05
16,59,19,352,6528,1597,1.3864000000000025e-05
16,60,19,308,6758,1642,1.6076000000000027e-05
16,61,19,359,7022,1731,1.566800000000002e-05
16,62,19,356,6685,1638,1.5228000000000018e-05
16,63,19,317,6733,1653,1.4380000000000011e-05
16,64,19,341,6631,1630,1.5124000000000015e-05
16,65,19,324,6403,1583,1.372400000000001e-05
16,66,19,396,6525,1597,1.6428000000000023e-05
16,67,19,441,6570,1615,2.150399999999997e-05
16,68,19,364,7031,1715,1.5652000000000022e-05
16,69,19,390,7085,1737,1.6676000000000025e-05
16,70,19,326,6499,1589,1.4012000000000011e-05
16,71,19,328,7456,1811,1.4532000000000013e-05
16,72,19,334,6331,1569,1.3692000000000009e-05
16,73,19,323,6543,1604,1.3804000000000014e-05
16,74,19,363,6680,1645,1.4684000000000014e-05
16,75,19,264,6197,1513,1.2692000000000003e-05
16,76,19,330,7139,1756,1.4484000000000012e-05
16,77,19,363,7002,1697,1.4644000000000014e-05
16,78,19,408,6611,1610,1.5624000000000032e-05
16,79,19,328,6802,1656,1.4532000000000013e-05
16,80,19,325,6418,1563,1.378800000000001e-05
16,81,19,403,6768,1664,1.6556000000000026e-05
16,82,19,354,6442,1567,1.4620000000000014e-05
16,83,19,327,6558,1597,1.3780000000000009e-05
16,84,19,314,6320,1553,1.6140000000000025e-05
16,85,19,394,6606,1623,1.6428000000000023e-05
16,86,19,371,6571,1611,1.4812000000000017e-05
16,87,19,341,7076,1731,1.5188000000000023e-05
16,88,19,287,6342,1540,1.3364000000000008e-05
16,89,19,314,6405,1569,1.4444000000000013e-05
16,90,19,325,7064,1726,1.4316000000000012e-05
16,91,19,349,6393,1571,1.4260000000000013e-05
16,92,19,387,7192,1746,1.6068000000000023e-05
16,93,19,347,6952,1713,1.4092000000000013e-05
16,94,19,383,6592,1611,1.6548000000000025e-05
16,95,19,340,6424,1583,1.5412000000000018e-05
16,96,19,342,6833,1655,1.6052000000000025e-05
16,97,19,389,7144,1729,1.6236000000000025e-05
16,98,19,335,6347,1545,1.410000000000001e-05
16,99,19,322,6145,1529,1.4316000000000012e-05
16,100,19,369,6876,1697,1.5252000000000018e-05
16,101,19,327,6832,1676,1.3772000000000008e-05
16,102,19,507,6958,1669,1.958800000000001e-05
16,103,19,325,6894,1695,1.4436000000000012e-05
16,104,19,366,6690,1625,1.4748000000000015e-05
16,105,19,316,7027,1708,1.4564000000000022e-05
16,106,19,291,6612,1606,1.3020000000000004e-05
16,107,19,356,6291,1553,1.4420000000000014e-05
16,108,19,332,6714,1649,1.6172000000000027e-05
16,109,19,317,6636,1620,1.3804000000000009e-05
16,110,19,356,6440,1584,1.473200000000002e-05
16,111,19,323,6559,1593,1.2996000000000006e-05
16,112,19,301,6838,1659,1.3556000000000007e-05
16,113,19,357,6692,1621,1.7508000000000036e-05
16,114,19,353,6625,1627,1.4324000000000014e-05
16,115,19,353,6817,1682,1.378000000000001e-05
16,116,19,371,6556,1614,1.531600000000002e-05
16,117,19,415,7474,1802,1.5864000000000026e-05
16,118,19,315,6475,1585,1.5276000000000025e-05
16,119,19,387,6561,1606,1.544400000000002e-05
16,120,19,383,6749,1649,1.4952000000000032e-05
16,121,19,353,7499,1817,1.7040000000000016e-05
16,122,19,341,6797,1654,1.5036000000000015e-05
16,123,19,325,6300,1550,1.3236000000000007e-05
16,124,19,368,7195,1745,1.5092000000000016e-05
16,125,19,327,6955,1686,1.569600000000003e-05
16,126,19,328,6558,1608,1.3356000000000007e-05
16,127,19,272,6326,1545,1.2820000000000004e-05
16,128,19,352,6754,1644,1.4652000000000015e-05
16,129,19,323,6392,1581,1.5180000000000022e-05
16,130,19,310,6128,1513,1.4356000000000011e-05
16,131,19,353,7067,1724,1.4356000000000013e-05
16,132,19,330,7054,1707,1.4868000000000014e-05
16,133,19,363,7217,1754,1.573200000000002e-05
16,134,14,317,4698,1153,1.410000000000001e-05
17,0,19,362,7041,1710,1.4276000000000015e-05
17,1,19,299,6687,1618,1.4164000000000015e-05
17,2,19,357,7243,1771,1.520400000000002e-05
17,3,19,332,7285,1784,1.4436000000000012e-05
17,4,19,358,6700,1643,1.4420000000000014e-05
17,5,19,370,6929,1678,1.6588000000000025e-05
17,6,19,356,6789,1655,1.4012000000000011e-05
17,7,19,296,6529,1588,1.2692000000000003e-05
17,8,19,324,6974,1689,1.5492000000000027e-05
17,9,19,349,6433,1566,1.410000000000001e-05
17,10,19,320,6158,1510,1.4196000000000011e-05
17,11,19,336,7092,1727,1.4268000000000013e-05
17,12,19,321,7034,1726,1.406800000000002e-05
17,13,19,329,6613,1615,1.4140000000000012e-05
17,14,19,322,6102,1496,1.354000000000001e-05
17,15,19,354,6581,1613,1.4580000000000021e-05
17,16,19,335,6843,1653,1.5348000000000016e-05
17,17,19,309,6530,1605,1.5756000000000027e-05
17,18,19,332,6432,1586,1.3364000000000008e-05
17,19,19,301,6647,1633,1.384400000000001e-05
17,20,19,352,7252,1756,1.5188000000000016e-05
17,21,19,343,6851,1668,1.3740000000000009e-05
17,22,19,347,7184,1742,1.5188000000000016e-05
17,23,19,345,7123,1730,1.4684000000000016e-05
17,24,19,321,6615,1629,1.3316000000000013e-05
17,25,19,384,7083,1722,1.4776000000000033e-05
17,26,19,328,6843,1680,1.359600000000001e-05
17,27,19,346,6619,1610,1.4644000000000014e-05
17,28,19,324,7274,1777,1.4012000000000011e-05
17,29,19,349,6306,1545,1.4588000000000015e-05
17,30,19,300,5655,1381,1.393200000000001e-05
17,31,19,325,6710,1639,1.4436000000000012e-05
17,32,19,327,6261,1524,1.3300000000000006e-05
17,33,19,355,6647,1611,1.6844000000000034e-05
17,34,19,336,7055,1715,1.4444000000000013e-05
17,35,19,358,6520,1603,1.675200000000002e-05
17,36,19,364,6568,1610,1.5108000000000017e-05
17,37,19,311,6793,1670,1.3532000000000009e-05
17,38,19,320,6527,1601,1.5452000000000028e-05
17,39,19,354,6517,1594,1.4148000000000014e-05
17,40,19,253,6052,1494,1.4004000000000019e-05
17,41,19,325,6502,1587,1.4012000000000011e-05
17,42,19,330,7327,1777,1.4676000000000018e-05
17,43,19,282,6461,1577,1.2652000000000002e-05
17,44,19,347,7130,1737,1.4644000000000014e-05
17,45,19,323,6498,1598,1.3316000000000013e-05
17,46,19,304,6566,1613,1.3556000000000007e-05
17,47,19,286,5843,1443,1.3172000000000005e-05
17,48,19,330,7182,1752,1.5124000000000022e-05
17,49,19,285,6206,1532,1.3012000000000003e-05
17,50,19,326,7257,1758,1.7148000000000036e-05
17,51,19,353,6790,1652,1.4148000000000014e-05
17,52,19,324,6992,1700,1.5300000000000023e-05
17,53,19,270,6327,1538,1.486000000000002e-05
17,54,19,299,6770,1654,1.5628000000000024e-05
17,55,19,412,7142,1741,1.763600000000003e-05
17,56,19,312,6372,1567,1.4444000000000013e-05
17,57,19,356,7173,1751,1.7440000000000013e-05
17,58,19,386,6946,1689,1.541200000000002e-05
17,59,19,299,6062,1500,1.449200000000002e-05
17,60,19,324,6650,1612,1.3060000000000007e-05
17,61,19,362,6674,1621,1.4276000000000015e-05
17,62,19,344,6779,1640,1.553200000000002e-05
17,63,19,332,6687,1624,1.3876000000000018e-05
17,64,19,314,7045,1735,1.347600000000001e-05
17,65,19,323,6693,1646,1.4436000000000012e-05
17,66,19,357,6923,1681,1.716800000000002e-05
17,67,19,327,7167,1763,1.3580000000000007e-05
17,68,19,325,7180,1739,1.4436000000000012e-05
17,69,19,348,6771,1664,1.4260000000000013e-05
17,70,19,358,6946,1703,1.4012000000000011e-05
17,71,19,323,6412,1586,1.3236000000000007e-05
17,72,19,325,6749,1638,1.5296000000000034e-05
17,73,19,322,6552,1621,1.3508000000000009e-05
17,74,19,324,6856,1664,1.4436000000000012e-05
17,75,19,351,7047,1714,1.4564000000000015e-05
17,76,19,335,7041,1720,1.4556000000000021e-05
17,77,19,353,7406,1806,1.4324000000000014e-05
17,78,19,362,7436,1810,1.566800000000002e-05
17,79,19,296,6588,1614,1.292400000000001e-05
17,80,19,332,6159,1494,1.3364000000000008e-05
17,81,19,358,7128,1735,1.707600000000003e-05
17,82,19,314,6220,1522,1.410000000000001e-05
17,83,19,350,6418,1586,1.4356000000000013e-05
17,84,19,332,6917,1694,1.406800000000002e-05
17,85,19,327,6872,1677,1.5628000000000024e-05
17,86,19,322,6804,1672,1.4012000000000011e-05
17,87,19,293,6426,1605,1.2644000000000006e-05
17,88,19,326,6922,1686,1.4436000000000012e-05
17,89,19,383,6642,1630,1.4952000000000032e-05
17,90,19,353,7135,1736,1.4436000000000012e-05
17,91,19,259,6323,1545,1.2396000000000003e-05
17,92,19,325,6871,1690,1.4436000000000012e-05
17,93,19,323,6973,1690,1.3900000000000011e-05
17,94,19,319,6607,1612,1.4196000000000011e-05
17,95,19,379,7060,1726,1.5172000000000018e-05
17,96,19,329,6927,1690,1.354000000000001e-05
17,97,19,333,7123,1757,1.388400000000001e-05
17,98,19,340,6639,1634,1.5124000000000015e-05
17,99,19,335,6641,1629,1.587200000000003e-05
17,100,19,353,6694,1634,1.4796000000000016e-05
17,101,19,325,6383,1563,1.4900000000000015e-05
17,102,19,335,6767,1652,1.4532000000000013e-05
17,103,19,293,6562,1619,1.486000000000002e-05
17,104,19,355,6616,1632,1.4980000000000016e-05
17,105,19,352,6816,1647,1.4780000000000014e-05
17,106,19,334,6996,1725,1.6956000000000032e-05
17,107,19,315,6901,1695,1.4012000000000011e-05
17,108,19,322,6610,1636,1.354000000000001e-05
17,109,19,326,6826,1670,1.4068000000000015e-05
17,110,19,323,6597,1616,1.3556000000000007e-05
17,111,19,370,7091,1721,1.5396000000000027e-05
17,112,19,346,7011,1698,1.553200000000002e-05
17,113,19,323,6335,1562,1.4436000000000012e-05
17,114,19,337,6899,1698,1.3692000000000009e-05
17,115,19,352,6698,1629,1.4148000000000014e-05
17,116,19,357,7103,1716,1.5188000000000016e-05
17,117,19,386,7201,1743,1.5188000000000016e-05
17,118,19,352,6656,1620,1.3864000000000025e-05
17,119,19,330,6210,1508,1.363600000000001e-05
17,120,19,333,6326,1545,1.5052000000000016e-05
17,121,19,331,6390,1562,1.6048000000000027e-05
17,122,19,395,6471,1589,1.6972000000000027e-05
17,123,19,327,7517,1836,1.662800000000003e-05
17,124,19,323,7048,1724,1.394800000000001e-05
17,125,19,322,6531,1616,1.3420000000000007e-05
17,126,19,353,6929,1705,1.374800000000001e-05
17,127,19,338,7272,1767,1.6956000000000032e-05
17,128,19,395,7338,1791,1.6972000000000027e-05
17,129,19,325,6757,1640,1.3804000000000014e-05
17,130,19,301,6634,1611,1.396400000000001e-05
17,131,19,347,6457,1575,1.4644000000000014e-05
17,132,19,266,6122,1509,1.633200000000003e-05
17,133,19,299,6582,1614,1.393200000000001e-05
17,134,14,322,5057,1234,1.410000000000001e-05
18,0,19,327,6836,1669,1.4444000000000013e-05
18,1,19,348,6523,1608,1.4084000000000013e-05
18,2,19,359,7060,1723,1.7700000000000037e-05
18,3,19,379,7652,1855,1.5220000000000015e-05
18,4,19,331,6771,1653,1.406800000000002e-05
18,5,19,295,6680,1653,1.3164000000000012e-05
18,6,19,300,6536,1587,1.5396000000000027e-05
18,7,19,287,6337,1567,1.2692000000000003e-05
18,8,19,321,7127,1743,1.5548000000000028e-05
18,9,19,370,7026,1723,1.9695999999999992e-05
18,10,19,323,6156,1503,1.4228000000000012e-05
18,11,19,326,6131,1509,1.378800000000001e-05
18,12,19,320,6352,1535,1.410000000000001e-05
18,13,19,381,7107,1745,1.5172000000000018e-05
18,14,19,270,6574,1613,1.5276000000000025e-05
18,15,19,361,6521,1591,1.566800000000002e-05
18,16,19,322,6782,1664,1.3804000000000009e-05
18,17,19,316,6649,1626,1.4012000000000011e-05
18,18,19,362,6137,1486,1.4224000000000027e-05
18,19,19,324,6874,1676,1.3652000000000008e-05
18,20,19,361,7141,1728,1.562000000000002e-05
18,21,19,301,6420,1576,1.3556000000000007e-05
18,22,19,394,7473,1819,1.577200000000002e-05
18,23,19,364,7119,1718,1.5652000000000022e-05
18,24,19,358,6658,1625,1.4420000000000014e-05
18,25,19,357,7402,1810,1.4620000000000014e-05
18,26,19,386,6360,1562,1.6364000000000025e-05
18,27,19,347,7108,1745,1.5220000000000015e-05
18,28,19,384,7228,1761,1.937200000000002e-05
18,29,19,346,6366,1551,1.4644000000000014e-05
18,30,19,320,6634,1623,1.3708000000000013e-05
18,31,19,314,7039,1717,1.410000000000001e-05
18,32,19,347,6675,1641,1.4084000000000013e-05
18,33,19,302,6619,1617,1.5628000000000024e-05
18,34,19,343,7357,1776,1.4684000000000016e-05
18,35,19,322,6192,1516,1.3556000000000014e-05
18,36,19,305,6337,1522,1.3420000000000007e-05
18,37,19,359,6858,1685,1.4620000000000014e-05
18,38,19,320,6817,1668,1.4068000000000015e-05
18,39,19,358,6908,1681,1.3960000000000026e-05
18,40,19,328,6892,1679,1.4532000000000013e-05
18,41,19,348,7045,1726,1.7380000000000037e-05
18,42,19,328,6686,1643,1.4172000000000011e-05
18,43,19,331,6576,1606,1.5728000000000033e-05
18,44,19,403,7220,1742,1.9740000000000014e-05
18,45,19,322,6544,1583,1.3236000000000007e-05
18,46,19,353,6462,1576,1.5460000000000018e-05
18,47,19,288,6061,1488,1.2924000000000004e-05
18,48,19,354,7002,1679,1.6132000000000035e-05
18,49,19,350,6064,1500,1.4084000000000013e-05
18,50,19,411,7188,1733,1.5976000000000025e-05
18,51,19,299,6072,1490,1.3900000000000011e-05
18,52,19,332,6142,1517,1.3364000000000008e-05
18,53,19,354,6465,1589,1.4572000000000014e-05
18,54,19,333,6379,1540,1.4012000000000011e-05
18,55,19,324,6675,1638,1.4228000000000012e-05
18,56,19,329,6502,1600,1.3364000000000008e-05
18,57,19,330,6745,1647,1.360400000000001e-05
18,58,19,366,7015,1719,1.4748000000000015e-05
18,59,19,335,6079,1494,1.6036000000000027e-05
18,60,19,437,6637,1617,1.733200000000003e-05
18,61,19,360,7473,1832,1.562000000000002e-05
18,62,19,322,6064,1491,1.3556000000000007e-05
18,63,19,355,7137,1737,1.4980000000000016e-05
18,64,19,342,7133,1729,1.5036000000000015e-05
18,65,19,322,6633,1623,1.3556000000000007e-05
18,66,19,330,6757,1653,1.4644000000000014e-05
18,67,19,315,6746,1656,1.4012000000000011e-05
18,68,19,329,6120,1486,1.7052000000000033e-05
18,69,19,354,7072,1704,1.7344000000000012e-05
18,70,19,282,6485,1594,1.2940000000000007e-05
18,71,19,333,6777,1663,1.3596000000000008e-05
18,72,19,444,7073,1727,1.709600000000001e-05
18,73,19,366,6990,1695,1.771200000000001e-05
18,74,19,324,7194,1761,1.3556000000000014e-05
18,75,19,358,6931,1691,1.4564000000000013e-05
18,76,19,322,6897,1690,1.4108000000000011e-05
18,77,19,356,6766,1658,1.4980000000000016e-05
18,78,19,424,6593,1623,1.6168000000000025e-05
18,79,19,354,6521,1595,1.4156000000000013e-05
18,80,19,348,6811,1661,1.4916000000000016e-05
18,81,19,327,6193,1533,1.4580000000000013e-05
18,82,19,339,6948,1689,1.4436000000000012e-05
18,83,19,355,6911,1701,1.7344000000000012e-05
18,84,19,287,6692,1631,1.3164000000000012e-05
18,85,19,379,6967,1689,1.5820000000000028e-05
18,86,19,389,7002,1693,1.6908000000000025e-05
18,87,19,318,6295,1537,1.4860000000000015e-05
18,88,19,362,7104,1727,1.5396000000000027e-05
18,89,19,355,6609,1617,1.4356000000000015e-05
18,90,19,331,6913,1679,1.4380000000000011e-05
18,91,19,326,7027,1735,1.4436000000000012e-05
18,92,19,282,6114,1509,1.3204000000000013e-05
18,93,19,325,6793,1657,1.4012000000000011e-05
18,94,19,389,6790,1659,1.570800000000002e-05
18,95,19,323,6420,1571,1.3556000000000014e-05
18,96,19,324,6313,1554,1.4404000000000012e-05
18,97,19,302,6794,1663,1.478800000000002e-05
18,98,19,326,6337,1559,1.3388000000000006e-05
18,99,19,390,6972,1708,1.6908000000000025e-05
18,100,19,354,7015,1712,1.4148000000000014e-05
18,101,19,335,6664,1630,1.3692000000000009e-05
18,102,19,378,6275,1546,1.4712000000000031e-05
18,103,19,332,7222,1753,1.4580000000000013e-05
18,104,19,375,6951,1700,1.7028000000000038e-05
18,105,19,326,6303,1549,1.577600000000003e-05
18,106,19,336,6620,1611,1.4100000000000016e-05
18,107,19,448,7108,1743,1.799600000000003e-05
18,108,19,387,7515,1829,1.4984000000000033e-05
18,109,19,301,6856,1675,1.3556000000000007e-05
18,110,19,326,6984,1700,1.410000000000001e-05
18,111,19,334,6446,1575,1.7028000000000038e-05
18,112,19,361,6636,1635,1.4644000000000014e-05
18,113,19,331,6578,1614,1.419600000000002e-05
18,114,19,327,6266,1534,1.3348000000000005e-05
18,115,19,319,6787,1656,1.4100000000000016e-05
18,116,19,332,6574,1616,1.3556000000000007e-05
18,117,19,374,6922,1680,1.5156000000000015e-05
18,118,19,334,6542,1607,1.4564000000000013e-05
18,119,19,350,5936,1481,1.509200000000002e-05
18,120,19,288,6088,1479,1.406800000000002e-05
18,121,19,357,6902,1700,1.552400000000002e-05
18,122,19,319,6021,1493,1.4196000000000011e-05
18,123,19,284,6165,1529,1.2652000000000002e-05
18,124,19,363,6685,1644,1.707600000000003e-05
18,125,19,349,6530,1586,1.5100000000000016e-05
18,126,19,321,7002,1689,1.4324000000000012e-05
18,127,19,384,6226,1522,1.544400000000002e-05
18,128,19,363,6820,1674,1.5628000000000024e-05
18,129,19,330,6233,1535,1.5188000000000023e-05
18,130,19,315,7247,1773,1.410000000000001e-05
18,131,19,315,6702,1637,1.3396000000000007e-05
18,132,19,327,6595,1613,1.3172000000000005e-05
18,133,19,361,7344,1805,1.642000000000003e-05
18,134,14,304,4496,1103,1.2660000000000002e-05
19,0,19,359,7488,1839,1.7740000000000033e-05
19,1,19,331,6926,1694,1.6956000000000032e-05
19,2,19,316,6485,1578,1.2932000000000006e-05
19,3,19,323,6444,1599,1.410000000000001e-05
19,4,19,332,6341,1568,1.3596000000000008e-05
19,5,19,357,6658,1621,1.5188000000000016e-05
19,6,19,352,6944,1708,1.534000000000002e-05
19,7,19,357,7603,1835,1.4388000000000015e-05
19,8,19,356,7445,1806,1.4260000000000011e-05
19,9,19,365,6995,1698,1.573200000000002e-05
19,10,19,320,6626,1623,1.6148000000000026e-05
19,11,19,322,6655,1637,1.5180000000000022e-05
19,12,19,335,7063,1731,1.4164000000000019e-05
19,13,19,395,6891,1697,1.6972000000000027e-05
19,14,19,323,6843,1661,1.3316000000000013e-05
19,15,19,355,7043,1737,1.6016000000000028e-05
19,16,19,344,6851,1684,1.4828000000000015e-05
19,17,19,352,7139,1735,1.5276000000000025e-05
19,18,19,324,6467,1573,1.4436000000000012e-05
19,19,19,322,7214,1780,1.4404000000000012e-05
19,20,19,316,6032,1485,1.6140000000000025e-05
19,21,19,324,6376,1567,1.3412000000000008e-05
19,22,19,324,6851,1673,1.4228000000000012e-05
19,23,19,357,6910,1687,1.5124000000000016e-05
19,24,19,395,7077,1732,1.6196000000000026e-05
19,25,19,345,6426,1593,1.5268000000000024e-05
19,26,19,369,6684,1647,1.5308000000000017e-05
19,27,19,336,7019,1723,1.4564000000000013e-05
19,28,19,332,7404,1783,1.4676000000000013e-05
19,29,19,331,6618,1608,1.406800000000002e-05
19,30,19,426,6906,1685,1.7004000000000026e-05
19,31,19,351,7246,1755,1.4812000000000017e-05
19,32,19,316,6344,1553,1.406800000000002e-05
19,33,19,368,6976,1688,1.4780000000000014e-05
19,34,19,355,7031,1713,1.552400000000002e-05
19,35,19,352,6845,1674,1.4324000000000014e-05
19,36,19,319,5991,1476,1.347600000000001e-05
19,37,19,325,6698,1636,1.4436000000000012e-05
19,38,19,436,6989,1695,1.7980000000000028e-05
19,39,19,279,6192,1521,1.3644000000000014e-05
19,40,19,334,6664,1629,1.4564000000000013e-05
19,41,19,345,7139,1729,1.5132000000000015e-05
19,42,19,329,6581,1609,1.3780000000000009e-05
19,43,19,354,7090,1730,1.4620000000000014e-05
19,44,19,356,6367,1564,1.7072000000000015e-05
19,45,19,342,7129,1738,1.5628000000000024e-05
19,46,19,325,6862,1680,1.4228000000000012e-05
19,47,19,296,6576,1601,1.3636000000000015e-05
19,48,19,387,7239,1778,1.6068000000000023e-05
19,49,19,371,6753,1650,1.6068000000000033e-05
19,50,19,424,7055,1721,1.6612000000000027e-05
19,51,19,362,7148,1731,1.4868000000000014e-05
19,52,19,419,7005,1706,1.5852000000000027e-05
19,53,19,345,6404,1579,1.4012000000000011e-05
19,54,19,329,6956,1678,1.4668000000000014e-05
19,55,19,390,6390,1587,1.6364000000000025e-05
19,56,19,355,6477,1599,1.7344000000000012e-05
19,57,19,354,6533,1608,1.3688000000000025e-05
19,58,19,335,6984,1688,1.384400000000001e-05
19,59,19,331,7110,1739,1.410000000000001e-05
19,60,19,322,6768,1661,1.5588000000000028e-05
19,61,19,386,7287,1754,1.541200000000002e-05
19,62,19,387,7115,1728,1.4644000000000014e-05
19,63,19,332,6817,1670,1.449200000000002e-05
19,64,19,317,7271,1750,1.488400000000002e-05
19,65,19,353,6595,1616,1.3864000000000025e-05
19,66,19,348,6705,1650,1.5132000000000015e-05
19,67,19,327,6292,1546,1.4436000000000012e-05
19,68,19,331,6995,1701,1.347600000000001e-05
19,69,19,339,6409,1571,1.372400000000001e-05
19,70,19,341,6592,1621,1.4564000000000022e-05
19,71,19,392,6537,1613,1.6624000000000022e-05
19,72,19,334,6833,1683,1.5084000000000015e-05
19,73,19,356,6421,1569,1.552400000000002e-05
19,74,19,294,6490,1574,1.630000000000003e-05
19,75,19,361,6898,1688,1.4716000000000013e-05
19,76,19,302,6111,1521,1.2692000000000003e-05
19,77,19,295,6386,1549,1.3260000000000012e-05
19,78,19,348,7026,1698,1.559600000000002e-05
19,79,19,347,6702,1606,1.5100000000000016e-05
19,80,19,361,6811,1659,1.4684000000000014e-05
19,81,19,331,7336,1791,1.4436000000000012e-05
19,82,19,347,6621,1617,1.546000000000002e-05
19,83,19,297,6603,1611,1.5668000000000027e-05
19,84,19,283,6431,1579,1.2508000000000003e-05
19,85,19,287,6580,1614,1.3708000000000013e-05
19,86,19,327,6886,1690,1.4900000000000015e-05
19,87,19,275,5844,1451,1.253200000000001e-05
19,88,19,346,6737,1650,1.5220000000000015e-05
19,89,19,351,7041,1719,1.855600000000003e-05
19,90,19,341,6777,1668,1.5036000000000015e-05
19,91,19,383,6749,1635,1.541200000000002e-05
19,92,19,363,6783,1650,1.6052000000000025e-05
19,93,19,330,6557,1603,1.577600000000003e-05
19,94,19,316,6367,1563,1.410000000000001e-05
19,95,19,275,6401,1559,1.349200000000001e-05
19,96,19,328,6217,1532,1.3316000000000013e-05
19,97,19,299,6699,1623,1.4100000000000016e-05
19,98,19,349,7177,1747,1.4676000000000018e-05
19,99,19,327,6370,1557,1.3132000000000007e-05
19,100,19,317,6539,1623,1.410000000000001e-05
19,101,19,333,6338,1558,1.410000000000001e-05
19,102,19,340,6958,1704,1.4764000000000013e-05
19,103,19,302,6546,1598,1.4196000000000016e-05
19,104,19,286,6313,1546,1.3452000000000008e-05
19,105,19,335,7471,1807,1.4620000000000014e-05
19,106,19,342,7007,1716,1.5036000000000015e-05
19,107,19,387,6469,1587,1.541200000000002e-05
19,108,19,375,6893,1691,1.6244000000000023e-05
19,109,19,322,6880,1686,1.3556000000000007e-05
19,110,19,351,6343,1562,1.4324000000000014e-05
19,111,19,296,6025,1488,1.4164000000000019e-05
19,112,19,278,6154,1517,1.3292000000000006e-05
19,113,19,351,6882,1698,1.560000000000003e-05
19,114,19,381,6612,1617,1.4712000000000031e-05
19,115,19,355,6645,1624,1.485200000000002e-05
19,116,19,351,6905,1680,1.586000000000002e-05
19,117,19,328,6940,1687,1.410000000000001e-05
19,118,19,325,7061,1735,1.4436000000000012e-05
19,119,19,312,5936,1460,1.3412000000000008e-05
19,120,19,324,6749,1642,1.407600000000001e-05
19,121,19,328,6264,1531,1.587200000000003e-05
19,122,19,348,6868,1674,1.5100000000000016e-05
19,123,19,340,7495,1831,1.5036000000000017e-05
19,124,19,302,6436,1573,1.3556000000000007e-05
19,125,19,328,6104,1491,1.3332000000000007e-05
19,126,19,342,6772,1647,1.716400000000003e-05
19,127,19,331,6654,1625,1.3188000000000008e-05
19,128,19,294,6348,1559,1.3012000000000003e-05
19,129,19,415,7596,1834,1.6500000000000025e-05
19,130,19,331,6574,1617,1.3596000000000008e-05
19,131,19,302,7000,1703,1.5452000000000028e-05
19,132,19,321,6328,1542,1.4572000000000014e-05
19,133,19,335,7442,1798,1.642000000000003e-05
19,134,14,322,4887,1179,1.4260000000000011e-05
20,0,19,362,7000,1709,1.4684000000000014e-05
20,1,19,296,6379,1568,1.3900000000000011e-05
20,2,19,355,7219,1752,1.552400000000002e-05
20,3,19,322,6857,1671,1.4188000000000016e-05
20,4,19,332,7281,1774,1.6724000000000035e-05
20,5,19,420,7276,1766,1.6104000000000024e-05
20,6,19,330,7303,1783,1.3596000000000008e-05
20,7,19,386,7055,1736,1.4952000000000032e-05
20,8,19,341,6976,1707,1.4772000000000015e-05
20,9,19,300,6799,1669,1.3556000000000007e-05
20,10,19,401,7774,1890,1.6428000000000023e-05
20,11,19,299,6566,1622,1.7388000000000034e-05
20,12,19,327,6554,1593,1.3316000000000013e-05
20,13,19,265,6239,1539,1.2724000000000004e-05
20,14,19,302,5922,1461,1.3556000000000007e-05
20,15,19,354,7466,1814,1.4012000000000011e-05
20,16,19,333,6440,1564,1.6048000000000027e-05
20,17,19,293,6786,1665,1.3316000000000013e-05
20,18,19,385,6247,1522,1.524400000000002e-05
20,19,19,382,7011,1702,1.5452000000000028e-05
20,20,19,297,6312,1527,1.2876000000000005e-05
20,21,19,319,6602,1622,1.6148000000000026e-05
20,22,19,447,7739,1879,1.8268000000000026e-05
20,23,19,353,7046,1705,1.4740000000000015e-05
20,24,19,321,6751,1653,1.3740000000000009e-05
20,25,19,326,6771,1652,1.4436000000000012e-05
20,26,19,353,6472,1599,1.3864000000000025e-05
20,27,19,325,6152,1521,1.4436000000000012e-05
20,28,19,356,6704,1632,1.6052000000000025e-05
20,29,19,359,6623,1616,1.7440000000000013e-05
20,30,19,347,7071,1725,1.7380000000000037e-05
20,31,19,355,7320,1785,1.6012000000000022e-05
20,32,19,353,6433,1565,1.4436000000000017e-05
20,33,19,391,6891,1688,1.6756000000000024e-05
20,34,19,323,6454,1575,1.3236000000000007e-05
20,35,19,350,6508,1604,1.4324000000000014e-05
20,36,19,327,6537,1591,1.3332000000000007e-05
20,37,19,320,7125,1731,1.4108000000000011e-05
20,38,19,358,7072,1724,1.4564000000000013e-05
20,39,19,333,6466,1571,1.5728000000000033e-05
20,40,19,377,7235,1756,1.6716000000000028e-05
20,41,19,328,6605,1621,1.4740000000000022e-05
20,42,19,314,7216,1762,1.4012000000000011e-05
20,43,19,360,6970,1691,1.562000000000002e-05
20,44,19,325,6118,1523,1.3236000000000007e-05
20,45,19,297,6314,1556,1.2748000000000002e-05
20,46,19,357,6619,1627,1.5220000000000022e-05
20,47,19,346,7162,1738,1.6052000000000025e-05
20,48,19,325,7048,1716,1.6140000000000025e-05
20,49,19,292,6264,1544,1.2756000000000005e-05
20,50,19,352,6815,1653,1.4564000000000022e-05
20,51,19,354,6875,1674,1.5180000000000022e-05
20,52,19,439,7759,1874,1.752400000000003e-05
20,53,19,297,6711,1629,1.3172000000000005e-05
20,54,19,320,7039,1696,1.4596000000000012e-05
20,55,19,386,7153,1738,1.6644000000000026e-05
20,56,19,323,6544,1605,1.6140000000000025e-05
20,57,19,365,6978,1691,1.5652000000000022e-05
20,58,19,357,6424,1581,1.4620000000000014e-05
20,59,19,326,7051,1720,1.410000000000001e-05
20,60,19,351,6614,1616,1.4260000000000013e-05
20,61,19,328,6664,1612,1.3132000000000007e-05
20,62,19,323,7113,1745,1.3556000000000007e-05
20,63,19,354,7160,1758,1.5188000000000016e-05
20,64,19,403,7110,1752,1.710000000000003e-05
20,65,19,340,6927,1700,1.4012000000000011e-05
20,66,19,363,6082,1491,1.3816000000000027e-05
20,67,19,374,6628,1626,1.6244000000000023e-05
20,68,19,295,6337,1566,1.3828000000000016e-05
20,69,19,308,6859,1684,1.3532000000000009e-05
20,70,19,352,6520,1593,1.562000000000002e-05
20,71,19,375,6715,1631,1.6620000000000027e-05
20,72,19,383,7018,1713,1.6548000000000025e-05
20,73,19,342,6741,1641,1.359600000000001e-05
20,74,19,296,6131,1496,1.3716000000000009e-05
20,75,19,362,7075,1710,1.4684000000000014e-05
20,76,19,315,7005,1720,1.3348000000000005e-05
20,77,19,335,6503,1584,1.4268000000000013e-05
20,78,19,315,6551,1597,1.6140000000000025e-05
20,79,19,343,7002,1710,1.4828000000000015e-05
20,80,19,380,6425,1566,1.520400000000002e-05
20,81,19,324,6117,1504,1.3060000000000007e-05
20,82,19,324,5751,1412,1.3332000000000007e-05
20,83,19,357,7035,1720,1.410000000000001e-05
20,84,19,354,7124,1734,1.5556000000000022e-05
20,85,19,399,7278,1781,1.7068000000000027e-05
20,86,19,356,6940,1705,1.5436000000000016e-05
20,87,19,355,7316,1790,1.4148000000000014e-05
20,88,19,338,6606,1605,1.4740000000000015e-05
20,89,19,322,6522,1592,1.3268000000000004e-05
20,90,19,343,6169,1533,1.5036000000000015e-05
20,91,19,331,6878,1659,1.4868000000000014e-05
20,92,19,332,6413,1550,1.5620000000000027e-05
20,93,19,322,6834,1669,1.3388000000000006e-05
20,94,19,417,6981,1705,1.610400000000002e-05
20,95,19,326,7184,1759,1.4140000000000012e-05
20,96,19,398,6945,1694,1.541200000000002e-05
20,97,19,325,7217,1756,1.4196000000000011e-05
20,98,19,331,6480,1597,1.6048000000000027e-05
20,99,19,333,6150,1524,1.3716000000000009e-05
20,100,19,348,6840,1667,1.5452000000000028e-05
20,101,19,330,6278,1550,1.3596000000000008e-05
20,102,19,353,6256,1549,1.4324000000000014e-05
20,103,19,335,6772,1657,1.5060000000000015e-05
20,104,19,296,6469,1593,1.3708000000000013e-05
20,105,19,292,6571,1602,1.3764000000000016e-05
20,106,19,395,6786,1662,1.7004000000000026e-05
20,107,19,301,6167,1520,1.3708000000000013e-05
20,108,19,350,6782,1658,1.4084000000000013e-05
20,109,19,323,6963,1698,1.560000000000003e-05
20,110,19,367,6619,1627,1.579600000000002e-05
20,111,19,368,7087,1707,1.410000000000001e-05
20,112,19,297,6281,1541,1.3484000000000007e-05
20,113,19,315,6494,1594,1.4700000000000017e-05
20,114,19,353,6675,1624,1.5196000000000017e-05
20,115,19,322,6465,1568,1.4100000000000016e-05
20,116,19,297,6275,1532,1.3444000000000014e-05
20,117,19,345,7071,1732,1.5004000000000016e-05
20,118,19,354,6784,1648,1.552400000000002e-05
20,119,19,348,6935,1679,1.5100000000000016e-05
20,120,19,402,7101,1710,1.6212000000000024e-05
20,121,19,359,6692,1629,1.4388000000000014e-05
20,122,19,327,6432,1587,1.3484000000000007e-05
20,123,19,279,6106,1487,1.3844000000000019e-05
20,124,19,360,6522,1585,1.4452000000000015e-05
20,125,19,312,6690,1629,1.4100000000000016e-05
20,126,19,332,6559,1594,1.369200000000001e-05
20,127,19,422,6947,1687,1.7996000000000026e-05
20,128,19,375,6960,1691,1.577200000000002e-05
20,129,19,294,6527,1611,1.3484000000000007e-05
20,130,19,300,6790,1642,1.3412000000000013e-05
20,131,19,427,6637,1639,1.8060000000000024e-05
20,132,19,386,6432,1562,1.6180000000000028e-05
20,133,19,368,6828,1664,1.5116000000000018e-05
20,134,14,329,5128,1260,1.4596000000000012e-05
21,0,19,356,7408,1817,1.4436000000000012e-05
21,1,19,316,6689,1644,1.5452000000000028e-05
21,2,19,315,7077,1732,1.410000000000001e-05
21,3,19,350,6733,1659,1.4780000000000016e-05
21,4,19,295,6261,1528,1.3052000000000006e-05
21,5,19,383,6864,1689,2.0124000000000013e-05
21,6,19,358,7338,1770,1.4420000000000014e-05
21,7,19,352,6943,1697,1.528400000000002e-05
21,8,19,326,6666,1633,1.4140000000000012e-05
21,9,19,369,7396,1796,1.5164000000000018e-05
21,10,19,326,6968,1694,1.4228000000000012e-05
21,11,19,330,6701,1645,1.4068000000000015e-05
21,12,19,322,6762,1671,1.4108000000000011e-05
21,13,19,333,6358,1541,1.3188000000000008e-05
21,14,19,324,6485,1597,1.4228000000000012e-05
21,15,19,325,6715,1643,1.4436000000000012e-05
21,16,19,330,6207,1521,1.6048000000000027e-05
21,17,19,327,5976,1464,1.3132000000000007e-05
21,18,19,330,7128,1735,1.3596000000000008e-05
21,19,19,330,6916,1697,1.410000000000001e-05
21,20,19,314,6915,1700,1.410000000000001e-05
21,21,19,324,6276,1551,1.4164000000000019e-05
21,22,19,342,6924,1705,1.5036000000000015e-05
21,23,19,331,6986,1692,1.3908000000000012e-05
21,24,19,361,6520,1573,1.4224000000000027e-05
21,25,19,360,6775,1669,1.4684000000000014e-05
21,26,19,355,6730,1626,1.4156000000000013e-05
21,27,19,336,6330,1557,1.4972000000000015e-05
21,28,19,351,6988,1699,1.5668000000000027e-05
21,29,19,322,6706,1646,1.4196000000000016e-05
21,30,19,328,6766,1645,1.4140000000000012e-05
21,31,19,364,6849,1668,1.5108000000000017e-05
21,32,19,325,6102,1489,1.4436000000000012e-05
21,33,19,346,6582,1610,1.4140000000000014e-05
21,34,19,363,6554,1599,1.5452000000000028e-05
21,35,19,357,6547,1598,1.4244000000000013e-05
21,36,19,390,6708,1646,1.6908000000000025e-05
21,37,19,355,6534,1585,1.5316000000000017e-05
21,38,19,327,6774,1645,1.4012000000000011e-05
21,39,19,328,6274,1536,1.3236000000000005e-05
21,40,19,319,6705,1641,1.4196000000000011e-05
21,41,19,332,6949,1714,1.6956000000000032e-05
21,42,19,316,5855,1452,1.4012000000000011e-05
21,43,19,347,6995,1720,1.5132000000000015e-05
21,44,19,332,6317,1547,1.4420000000000013e-05
21,45,19,327,6911,1663,1.5284000000000025e-05
21,46,19,343,6745,1660,1.665200000000003e-05
21,47,19,353,6378,1567,1.4148000000000014e-05
21,48,19,357,7614,1849,1.4436000000000012e-05
21,49,19,313,6510,1615,1.3172000000000005e-05
21,50,19,355,6497,1580,1.5308000000000024e-05
21,51,19,324,6843,1675,1.410000000000001e-05
21,52,19,343,5989,1479,1.5036000000000015e-05
21,53,19,383,6799,1653,1.4776000000000033e-05
21,54,19,355,6666,1629,1.7168000000000012e-05
21,55,19,298,6222,1521,1.2259999999999998e-05
21,56,19,326,6945,1699,1.410000000000001e-05
21,57,19,327,6360,1562,1.653200000000003e-05
21,58,19,299,7183,1755,1.3780000000000009e-05
21,59,19,361,7396,1798,1.798000000000003e-05
21,60,19,333,7517,1825,1.542800000000003e-05
21,61,19,389,6843,1672,1.5308000000000024e-05
21,62,19,350,7254,1778,1.559600000000002e-05
21,63,19,349,6691,1644,1.4260000000000013e-05
21,64,19,347,7586,1836,1.5188000000000016e-05
21,65,19,346,6839,1681,1.5188000000000016e-05
21,66,19,384,6607,1615,1.541200000000002e-05
21,67,19,351,6551,1586,1.5164000000000016e-05
21,68,19,354,6816,1650,1.4444000000000013e-05
21,69,19,354,6611,1617,1.4148000000000014e-05
21,70,19,320,7210,1765,1.4012000000000011e-05
21,71,19,395,6513,1582,1.6972000000000027e-05
21,72,19,344,6576,1615,1.5428000000000022e-05
21,73,19,315,6396,1577,1.6140000000000025e-05
21,74,19,382,6855,1677,1.534800000000002e-05
21,75,19,321,6193,1529,1.410000000000001e-05
21,76,19,347,6798,1648,1.5188000000000016e-05
21,77,19,363,7094,1730,1.4716000000000013e-05
21,78,19,391,6988,1712,1.6908000000000025e-05
21,79,19,357,7108,1752,1.4620000000000014e-05
21,80,19,322,6108,1501,1.3420000000000007e-05
21,81,19,328,7111,1731,1.4108000000000011e-05
21,82,19,304,6621,1615,1.2828000000000005e-05
21,83,19,414,7164,1757,1.6356000000000024e-05
21,84,19,339,6821,1657,1.5412000000000018e-05
21,85,19,384,7238,1754,1.523600000000002e-05
21,86,19,321,6717,1643,1.5364000000000024e-05
21,87,19,351,6550,1610,1.5460000000000018e-05
21,88,19,309,7031,1724,1.4580000000000018e-05
21,89,19,321,7058,1729,1.560000000000003e-05
21,90,19,412,7313,1763,1.5976000000000025e-05
21,91,19,360,6339,1540,1.3400000000000024e-05
21,92,19,349,6267,1544,1.4260000000000013e-05
21,93,19,340,6781,1654,1.396400000000001e-05
21,94,19,351,7110,1722,1.5196000000000017e-05
21,95,19,332,6835,1657,1.4068000000000015e-05
21,96,19,319,6904,1677,1.6052000000000025e-05
21,97,19,332,6768,1651,1.4532000000000013e-05
21,98,19,334,6372,1551,1.4380000000000011e-05
21,99,19,355,7169,1749,1.5556000000000022e-05
21,100,19,317,6631,1623,1.410000000000001e-05
21,101,19,349,7418,1802,1.4748000000000015e-05
21,102,19,328,6551,1606,1.4532000000000013e-05
21,103,19,352,6586,1617,1.5668000000000027e-05
21,104,19,353,6832,1667,1.4324000000000014e-05
21,105,19,350,6616,1617,1.4260000000000013e-05
21,106,19,331,6909,1698,1.4012000000000011e-05
21,107,19,282,5927,1463,1.3388000000000006e-05
21,108,19,407,6938,1685,1.5976000000000025e-05
21,109,19,371,7232,1755,1.774400000000001e-05
21,110,19,330,6541,1599,1.363600000000001e-05
21,111,19,316,6571,1615,1.410000000000001e-05
21,112,19,333,6464,1585,1.5084000000000015e-05
21,113,19,322,6867,1664,1.4100000000000016e-05
21,114,19,318,7159,1741,1.4012000000000011e-05
21,115,19,351,6767,1655,1.5164000000000016e-05
21,116,19,296,6637,1623,1.3484000000000008e-05
21,117,19,329,6606,1628,1.4532000000000013e-05
21,118,19,398,7341,1777,1.7004000000000026e-05
21,119,19,347,6551,1597,1.5188000000000016e-05
21,120,19,330,6744,1639,1.570000000000003e-05
21,121,19,324,6353,1571,1.3060000000000007e-05
21,122,19,299,6482,1591,1.3900000000000011e-05
21,123,19,324,7122,1728,1.3292000000000006e-05
21,124,19,361,7179,1751,1.6844000000000034e-05
21,125,19,399,6832,1665,1.7068000000000027e-05
21,126,19,363,6988,1707,1.4684000000000014e-05
21,127,19,326,6491,1598,1.4380000000000011e-05
21,128,19,358,6458,1594,1.4244000000000013e-05
21,129,19,349,6635,1614,1.680000000000002e-05
21,130,19,321,6520,1596,1.4068000000000015e-05
21,131,19,420,7478,1824,1.7796000000000027e-05
21,132,19,350,7057,1715,1.5084000000000015e-05
21,133,19,254,6340,1538,1.2276000000000007e-05
21,134,14,316,4708,1154,1.4012000000000011e-05
22,0,19,358,6704,1646,1.552400000000002e-05
22,1,19,300,6799,1655,1.383600000000001e-05
22,2,19,274,6265,1551,1.4100000000000016e-05
22,3,19,325,6671,1620,1.410000000000001e-05
22,4,19,344,6589,1624,1.4860000000000014e-05
22,5,19,352,7289,1785,1.5460000000000018e-05
22,6,19,316,6160,1520,1.347600000000001e-05
22,7,19,317,6691,1628,1.410000000000001e-05
22,8,19,361,6837,1670,1.562000000000002e-05
22,9,19,399,7237,1761,1.5460000000000018e-05
22,10,19,361,7300,1788,1.4012000000000011e-05
22,11,19,332,6832,1637,1.5052000000000016e-05
22,12,19,328,6681,1619,1.3236000000000007e-05
22,13,19,322,6406,1575,1.3828000000000016e-05
22,14,19,322,6361,1561,1.4068000000000015e-05
22,15,19,349,7277,1769,1.4084000000000013e-05
22,16,19,311,7201,1763,1.4444000000000013e-05
22,17,19,322,6340,1560,1.4924000000000015e-05
22,18,19,325,6631,1650,1.3644000000000014e-05
22,19,19,322,6246,1537,1.3060000000000007e-05
22,20,19,282,6100,1498,1.3292000000000006e-05
22,21,19,345,6993,1709,1.410000000000001e-05
22,22,19,314,6323,1537,1.3196000000000005e-05
22,23,19,350,6938,1703,1.520400000000002e-05
22,24,19,322,6837,1679,1.3796000000000015e-05
22,25,19,327,6382,1560,1.3332000000000007e-05
22,26,19,363,6576,1622,1.4356000000000015e-05
22,27,19,388,6837,1666,1.4764000000000018e-05
22,28,19,351,6788,1658,1.4868000000000014e-05
22,29,19,326,7330,1781,1.4196000000000011e-05
22,30,19,329,7491,1831,1.4580000000000013e-05
22,31,19,333,7329,1756,1.4996000000000017e-05
22,32,19,332,6389,1564,1.4436000000000012e-05
22,33,19,354,7028,1717,1.665200000000003e-05
22,34,19,316,7263,1787,1.3684000000000008e-05
22,35,19,326,7200,1739,1.5580000000000027e-05
22,36,19,384,6287,1542,1.587200000000003e-05
22,37,19,308,6064,1481,1.403600000000001e-05
22,38,19,275,6173,1515,1.2364000000000002e-05
22,39,19,298,6265,1532,1.3804000000000009e-05
22,40,19,326,6334,1558,1.6956000000000032e-05
22,41,19,331,6432,1577,1.4676000000000013e-05
22,42,19,347,6706,1639,1.5100000000000016e-05
22,43,19,334,6884,1681,1.4644000000000014e-05
22,44,19,330,6465,1593,1.4932000000000016e-05
22,45,19,358,7343,1793,1.566800000000002e-05
22,46,19,388,6959,1697,1.6964000000000036e-05
22,47,19,362,6539,1587,1.4716000000000013e-05
22,48,19,416,7903,1914,1.6040000000000023e-05
22,49,19,316,6559,1621,1.4068000000000015e-05
22,50,19,326,6649,1638,1.4436000000000012e-05
22,51,19,352,6995,1708,1.4356000000000013e-05
22,52,19,354,6683,1630,1.4324000000000014e-05
22,53,19,390,6851,1663,1.704400000000003e-05
22,54,19,360,6895,1675,1.4452000000000015e-05
22,55,19,311,6403,1573,1.4436000000000017e-05
22,56,19,326,6523,1608,1.4436000000000012e-05
22,57,19,324,7208,1757,1.4196000000000011e-05
22,58,19,360,7779,1880,1.562000000000002e-05
22,59,19,379,7117,1733,1.534800000000002e-05
22,60,19,400,7290,1764,1.6916000000000026e-05
22,61,19,316,7337,1777,1.4740000000000022e-05
22,62,19,330,7235,1749,1.7692000000000037e-05
22,63,19,317,6607,1624,1.3172000000000007e-05
22,64,19,323,5873,1446,1.3236000000000007e-05
22,65,19,326,7168,1734,1.4436000000000012e-05
22,66,19,351,6349,1551,1.4140000000000012e-05
22,67,19,329,6885,1696,1.5172000000000022e-05
22,68,19,384,6998,1717,1.617200000000003e-05
22,69,19,347,7123,1744,1.4556000000000014e-05
22,70,19,391,7091,1724,1.6708000000000027e-05
22,71,19,328,7143,1735,1.399600000000001e-05
22,72,19,336,6729,1648,1.406800000000002e-05
22,73,19,441,7029,1721,1.752400000000003e-05
22,74,19,334,6607,1621,1.674800000000003e-05
22,75,19,346,6629,1632,1.5220000000000015e-05
22,76,19,298,6697,1641,1.3356000000000007e-05
22,77,19,339,7030,1701,1.372400000000001e-05
22,78,19,380,7214,1738,1.553200000000002e-05
22,79,19,334,6889,1683,1.5628000000000024e-05
22,80,19,358,6894,1687,1.5452000000000028e-05
22,81,19,319,6976,1686,1.347600000000001e-05
22,82,19,346,6986,1706,1.5220000000000015e-05
22,83,19,328,6308,1547,1.587200000000003e-05
22,84,19,326,6855,1676,1.3244000000000007e-05
22,85,19,347,6644,1638,1.4684000000000016e-05
22,86,19,350,6680,1628,1.5252000000000016e-05
22,87,19,325,7039,1715,1.4436000000000012e-05
22,88,19,424,7241,1749,1.6628000000000028e-05
22,89,19,363,7151,1731,1.576400000000002e-05
22,90,19,358,6950,1691,1.7052000000000033e-05
22,91,19,356,7041,1727,1.4980000000000016e-05
22,92,19,358,7593,1868,1.4620000000000014e-05
22,93,19,363,7051,1717,1.4436000000000012e-05
22,94,19,353,7223,1749,1.4148000000000014e-05
22,95,19,335,6969,1706,1.406800000000001e-05
22,96,19,396,6699,1642,1.6428000000000023e-05
22,97,19,337,7039,1709,1.4268000000000013e-05
22,98,19,322,6790,1657,1.4108000000000011e-05
22,99,19,347,6763,1648,1.5100000000000016e-05
22,100,19,331,6424,1567,1.4964000000000015e-05
22,101,19,311,6772,1642,1.3684000000000008e-05
22,102,19,378,6376,1576,1.582000000000002e-05
22,103,19,328,6325,1540,1.3236000000000005e-05
22,104,19,325,6768,1671,1.4436000000000017e-05
22,105,19,327,7406,1806,1.396400000000001e-05
22,106,19,352,6971,1702,1.7052000000000033e-05
22,107,19,360,6271,1550,1.3992000000000026e-05
22,108,19,271,6062,1501,1.339600000000001e-05
22,109,19,349,6410,1578,1.4084000000000013e-05
22,110,19,304,6916,1675,1.3292000000000006e-05
22,111,19,328,6312,1563,1.4580000000000013e-05
22,112,19,375,6511,1610,1.657200000000003e-05
22,113,19,353,7060,1721,1.6048000000000027e-05
22,114,19,306,6355,1547,1.3652000000000008e-05
22,115,19,332,6817,1681,1.4004000000000015e-05
22,116,19,317,6942,1702,1.369200000000001e-05
22,117,19,327,7046,1714,1.4140000000000012e-05
22,118,19,268,6383,1560,1.4164000000000019e-05
22,119,19,358,6441,1581,1.4420000000000014e-05
22,120,19,328,6786,1657,1.3836000000000015e-05
22,121,19,350,6989,1712,1.622000000000003e-05
22,122,19,350,6949,1706,1.4556000000000013e-05
22,123,19,357,6684,1620,1.4652000000000015e-05
22,124,19,358,6900,1683,1.7072000000000015e-05
22,125,19,386,7158,1752,2.009200000000001e-05
22,126,19,327,6504,1588,1.4100000000000016e-05
22,127,19,323,6995,1722,1.3740000000000009e-05
22,128,19,340,6661,1640,1.4764000000000013e-05
22,129,19,388,6814,1668,1.5248000000000033e-05
22,130,19,277,6086,1500,1.3292000000000006e-05
22,131,19,355,7082,1713,1.5412000000000018e-05
22,132,19,327,6680,1614,1.5180000000000022e-05
22,133,19,312,6056,1484,1.3628000000000009e-05
22,134,14,292,4645,1138,1.3020000000000006e-05
23,0,19,391,7156,1756,1.5580000000000027e-05
23,1,19,279,6467,1592,1.3356000000000007e-05
23,2,19,347,6851,1685,1.4228000000000014e-05
23,3,19,327,6644,1616,1.3236000000000007e-05
23,4,19,332,7292,1773,1.4476000000000012e-05
23,5,19,332,6725,1633,1.4100000000000016e-05
23,6,19,352,6560,1619,1.798000000000003e-05
23,7,19,282,6227,1550,1.3444000000000007e-05
23,8,19,332,6494,1593,1.3596000000000008e-05
23,9,19,357,6862,1659,1.4220000000000015e-05
23,10,19,353,6794,1663,1.672000000000002e-05
23,11,19,376,7166,1750,1.636400000000002e-05
23,12,19,336,6557,1612,1.4140000000000012e-05
23,13,19,291,6491,1593,1.3556000000000014e-05
23,14,19,350,6993,1702,1.6624000000000022e-05
23,15,19,328,6736,1636,1.4988000000000015e-05
23,16,19,351,7347,1794,1.4292000000000013e-05
23,17,19,351,7351,1782,1.4444000000000013e-05
23,18,19,392,7060,1705,1.6972000000000027e-05
23,19,19,300,5814,1421,1.3820000000000012e-05
23,20,19,354,6579,1607,1.4620000000000014e-05
23,21,19,301,6189,1522,1.3292000000000006e-05
23,22,19,320,6541,1605,1.4108000000000011e-05
23,23,19,362,7173,1733,1.4276000000000015e-05
23,24,19,353,6578,1618,1.534000000000002e-05
23,25,19,385,7165,1733,1.523600000000002e-05
23,26,19,313,6182,1522,1.4476000000000012e-05
23,27,19,348,7016,1709,1.5100000000000016e-05
23,28,19,327,6484,1582,1.3132000000000007e-05
23,29,19,329,6729,1662,1.4532000000000013e-05
23,30,19,322,6642,1623,1.3804000000000014e-05
23,31,19,317,6379,1578,1.347600000000001e-05
23,32,19,380,6441,1580,1.600400000000002e-05
23,33,19,319,6159,1508,1.4196000000000011e-05
23,34,19,303,6636,1621,1.3428000000000008e-05
23,35,19,332,6747,1636,1.5188000000000021e-05
23,36,19,401,6801,1659,1.560800000000003e-05
23,37,19,353,6397,1566,1.5164000000000016e-05
23,38,19,416,6836,1661,1.6324000000000025e-05
23,39,19,333,6404,1584,1.399600000000001e-05
23,40,19,310,6315,1553,1.406800000000002e-05
23,41,19,276,6374,1559,1.3292000000000006e-05
23,42,19,327,7111,1733,1.4140000000000012e-05
23,43,19,325,6825,1688,1.4436000000000012e-05
23,44,19,351,6620,1623,1.4260000000000013e-05
23,45,19,322,6809,1662,1.560000000000003e-05
23,46,19,387,6846,1669,1.4488000000000031e-05
23,47,19,301,6655,1644,1.647600000000003e-05
23,48,19,322,6825,1644,1.4164000000000019e-05
23,49,19,362,7265,1764,1.4972000000000015e-05
23,50,19,414,7405,1793,1.709200000000003e-05
23,51,19,323,6581,1608,1.3532000000000009e-05
23,52,19,354,6950,1699,1.383600000000001e-05
23,53,19,355,7637,1865,1.680000000000002e-05
23,54,19,331,7050,1739,1.3764000000000016e-05
23,55,19,346,6664,1644,1.5188000000000016e-05
23,56,19,383,6533,1598,1.6844000000000027e-05
23,57,19,330,7149,1740,1.4932000000000016e-05
23,58,19,297,6243,1519,1.4164000000000019e-05
23,59,19,392,7338,1793,1.577200000000002e-05
23,60,19,322,6308,1544,1.4068000000000015e-05
23,61,19,370,7049,1727,1.4812000000000017e-05
23,62,19,429,7294,1786,1.7292000000000034e-05
23,63,19,341,7344,1793,1.5124000000000015e-05
23,64,19,336,6937,1676,1.3692000000000009e-05
23,65,19,358,7441,1805,1.8532000000000025e-05
23,66,19,384,6793,1652,1.541200000000002e-05
23,67,19,332,7080,1709,1.4324000000000012e-05
23,68,19,320,6646,1623,1.4380000000000011e-05
23,69,19,293,6599,1638,1.383600000000001e-05
23,70,19,421,7440,1833,2.1387999999999992e-05
23,71,19,316,6486,1584,1.6140000000000025e-05
23,72,19,339,7107,1721,1.4868000000000014e-05
23,73,19,325,6907,1685,1.426000000000002e-05
23,74,19,317,6810,1666,1.410000000000001e-05
23,75,19,296,6481,1579,1.4100000000000016e-05
23,76,19,382,7192,1754,1.5436000000000016e-05
23,77,19,354,7344,1789,1.4148000000000014e-05
23,78,19,355,6883,1680,1.621200000000003e-05
23,79,19,323,6821,1664,1.4108000000000011e-05
23,80,19,422,6820,1663,1.7996000000000026e-05
23,81,19,319,6860,1664,1.5524000000000026e-05
23,82,19,330,6433,1589,1.4580000000000013e-05
23,83,19,379,6852,1657,1.534800000000002e-05
23,84,19,306,6485,1585,1.5724000000000024e-05
23,85,19,332,7711,1892,1.4436000000000012e-05
23,86,19,326,6265,1560,1.560000000000003e-05
23,87,19,323,6433,1564,1.4012000000000011e-05
23,88,19,353,7396,1800,1.5100000000000016e-05
23,89,19,384,6626,1611,1.523600000000002e-05
23,90,19,320,6984,1710,1.4404000000000012e-05
23,91,19,336,6822,1668,1.3724000000000011e-05
23,92,19,348,6484,1601,1.6140000000000025e-05
23,93,19,335,6564,1614,1.386800000000001e-05
23,94,19,334,6737,1660,1.4644000000000014e-05
23,95,19,324,6279,1550,1.560000000000003e-05
23,96,19,330,6853,1684,1.4556000000000021e-05
23,97,19,262,6189,1504,1.2692000000000003e-05
23,98,19,327,6484,1594,1.3708000000000013e-05
23,99,19,410,7096,1726,1.7100000000000026e-05
23,100,19,352,6531,1608,1.5164000000000016e-05
23,101,19,324,6478,1610,1.5596000000000025e-05
23,102,19,323,6641,1627,1.3652000000000008e-05
23,103,19,334,7035,1718,1.4564000000000013e-05
23,104,19,295,6714,1633,1.3260000000000012e-05
23,105,19,354,6875,1656,1.4148000000000014e-05
23,106,19,326,6689,1640,1.3604000000000007e-05
23,107,19,416,6340,1538,1.715600000000003e-05
23,108,19,333,6576,1621,1.3364000000000008e-05
23,109,19,401,7343,1752,1.5900000000000024e-05
23,110,19,331,7056,1733,1.4532000000000013e-05
23,111,19,347,6846,1677,1.4644000000000014e-05
23,112,19,361,7556,1836,1.560000000000003e-05
23,113,19,323,6786,1648,1.4908000000000019e-05
23,114,19,313,6625,1624,1.623600000000003e-05
23,115,19,297,6976,1702,1.2884000000000006e-05
23,116,19,419,7467,1823,1.715600000000003e-05
23,117,19,358,7019,1724,1.4620000000000014e-05
23,118,19,324,6697,1640,1.4196000000000011e-05
23,119,19,361,6989,1721,1.4692000000000016e-05
23,120,19,354,6887,1664,1.4580000000000013e-05
23,121,19,322,6689,1647,1.4868000000000014e-05
23,122,19,327,6107,1507,1.3332000000000007e-05
23,123,19,352,6917,1677,1.4492000000000022e-05
23,124,19,292,6327,1535,1.2812000000000004e-05
23,125,19,380,6333,1550,1.5172000000000018e-05
23,126,19,385,7352,1786,1.4776000000000033e-05
23,127,19,331,7284,1781,1.574400000000003e-05
23,128,19,361,6839,1650,1.6020000000000023e-05
23,129,19,383,7407,1765,1.4436000000000012e-05
23,130,19,345,6770,1635,1.4644000000000014e-05
23,131,19,367,7353,1783,1.5396000000000027e-05
23,132,19,316,6618,1608,1.4196000000000016e-05
23,133,19,323,6950,1714,1.7260000000000035e-05
23,134,14,358,4997,1240,1.4620000000000014e-05
24,0,19,328,6203,1544,1.4532000000000013e-05
24,1,19,323,6715,1659,1.4436000000000012e-05
24,2,19,321,6097,1495,1.6228000000000025e-05
24,3,19,357,6587,1620,1.4620000000000014e-05
24,4,19,276,6108,1501,1.3164000000000012e-05
24,5,19,421,6940,1689,1.7468000000000037e-05
24,6,19,371,6723,1620,1.4812000000000017e-05
24,7,19,349,7282,1764,1.4644000000000014e-05
24,8,19,340,7296,1782,1.520400000000002e-05
24,9,19,358,6806,1667,1.4620000000000014e-05
24,10,19,375,7212,1759,1.570000000000002e-05
24,11,19,360,6560,1610,1.577600000000003e-05
24,12,19,353,6343,1558,1.5460000000000018e-05
24,13,19,354,6772,1643,1.4156000000000013e-05
24,14,19,297,6186,1508,1.406800000000002e-05
24,15,19,377,6921,1699,1.4888000000000033e-05
24,16,19,322,6703,1613,1.3068000000000006e-05
24,17,19,362,7008,1698,1.4684000000000014e-05
24,18,19,325,6294,1542,1.3892000000000009e-05
24,19,19,352,6352,1571,1.4436000000000012e-05
24,20,19,390,7498,1833,1.5048000000000033e-05
24,21,19,346,6340,1565,1.4084000000000013e-05
24,22,19,361,6766,1664,1.558800000000002e-05
24,23,19,323,6435,1569,1.2996000000000006e-05
24,24,19,354,6536,1599,1.4148000000000014e-05
24,25,19,351,6468,1586,1.4324000000000014e-05
24,26,19,374,7023,1715,1.522800000000002e-05
24,27,19,330,6768,1643,1.3708000000000013e-05
24,28,19,351,7219,1749,1.4796000000000016e-05
24,29,19,347,7719,1878,1.5100000000000016e-05
24,30,19,358,6961,1711,1.7440000000000013e-05
24,31,19,315,7049,1714,1.4564000000000022e-05
24,32,19,356,7026,1702,1.4212000000000014e-05
24,33,19,323,6905,1689,1.4164000000000019e-05
24,34,19,323,6510,1605,1.406800000000002e-05
24,35,19,363,6586,1612,1.4224000000000027e-05
24,36,19,325,6012,1471,1.3060000000000007e-05
24,37,19,339,6917,1683,1.372400000000001e-05
24,38,19,326,6681,1639,1.410000000000001e-05
24,39,19,412,6999,1704,1.597600000000002e-05
24,40,19,306,5934,1449,1.4260000000000011e-05
24,41,19,374,7345,1801,1.570000000000002e-05
24,42,19,331,6817,1662,1.6180000000000028e-05
24,43,19,356,6920,1677,1.4660000000000022e-05
24,44,19,336,7166,1748,1.449200000000002e-05
24,45,19,324,6806,1672,1.3060000000000007e-05
24,46,19,327,7368,1789,1.406800000000002e-05
24,47,19,353,7154,1745,1.4148000000000014e-05
24,48,19,265,6535,1603,1.2748000000000004e-05
24,49,19,349,6712,1638,1.4084000000000013e-05
24,50,19,348,7158,1740,1.4196000000000011e-05
24,51,19,314,6532,1594,1.5580000000000027e-05
24,52,19,327,6469,1584,1.4012000000000011e-05
24,53,19,316,6266,1542,1.410000000000001e-05
24,54,19,331,6701,1658,1.3596000000000008e-05
24,55,19,323,6315,1545,1.3236000000000007e-05
24,56,19,334,7236,1776,1.577600000000003e-05
24,57,19,327,6505,1582,1.4436000000000012e-05
24,58,19,389,7342,1793,1.6908000000000025e-05
24,59,19,327,6410,1584,1.3564000000000008e-05
24,60,19,323,6724,1630,1.407600000000001e-05
24,61,19,331,6882,1686,1.3596000000000008e-05
24,62,19,276,6556,1601,1.2692000000000003e-05
24,63,19,296,6066,1497,1.3748000000000018e-05
24,64,19,313,6307,1567,1.4164000000000019e-05
24,65,19,331,6718,1648,1.5452000000000028e-05
24,66,19,331,6837,1682,1.5812000000000024e-05
24,67,19,286,6484,1600,1.4132000000000018e-05
24,68,19,303,6517,1592,1.3420000000000007e-05
24,69,19,284,6567,1601,1.4036000000000016e-05
24,70,19,332,6364,1552,1.3364000000000008e-05
24,71,19,361,6547,1611,1.4580000000000018e-05
24,72,19,395,7157,1746,1.6196000000000026e-05
24,73,19,362,6798,1664,1.4684000000000014e-05
24,74,19,353,6991,1683,1.5452000000000028e-05
24,75,19,385,6584,1616,1.4776000000000033e-05
24,76,19,323,6915,1704,1.3268000000000004e-05
24,77,19,323,6601,1626,1.5188000000000021e-05
24,78,19,449,7100,1725,1.7424000000000008e-05
24,79,19,333,6553,1614,1.3364000000000008e-05
24,80,19,379,7148,1732,1.5836000000000023e-05
24,81,19,333,6615,1613,1.597200000000003e-05
24,82,19,347,7094,1727,1.5100000000000016e-05
24,83,19,332,6542,1614,1.5308000000000024e-05
24,84,19,322,6925,1704,1.6052000000000025e-05
24,85,19,358,6982,1685,1.410000000000001e-05
24,86,19,315,6718,1630,1.410000000000001e-05
24,87,19,386,6937,1695,1.9119999999999993e-05
24,88,19,363,6992,1696,1.632400000000003e-05
24,89,19,344,6685,1627,1.6956000000000032e-05
24,90,19,320,6914,1678,1.4068000000000015e-05
24,91,19,332,6695,1624,1.6048000000000027e-05
24,92,19,325,6211,1535,1.4436000000000012e-05
24,93,19,353,6546,1581,1.534000000000002e-05
24,94,19,358,6937,1688,1.4620000000000014e-05
24,95,19,332,7037,1724,1.3676000000000008e-05
24,96,19,421,7051,1711,1.560800000000003e-05
24,97,19,279,5762,1428,1.3268000000000004e-05
24,98,19,296,6444,1567,1.520400000000002e-05
24,99,19,320,7482,1832,1.4644000000000021e-05
24,100,19,332,6177,1518,1.5276000000000025e-05
24,101,19,351,6629,1623,1.4260000000000013e-05
24,102,19,320,7067,1715,1.4196000000000011e-05
24,103,19,326,6613,1611,1.4228000000000012e-05
24,104,19,326,6928,1671,1.357200000000001e-05
24,105,19,345,6518,1608,1.4676000000000013e-05
24,106,19,363,6510,1580,1.4276000000000015e-05
24,107,19,303,6576,1613,1.429200000000002e-05
24,108,19,321,6566,1596,1.3828000000000016e-05
24,109,19,324,6694,1647,1.560000000000003e-05
24,110,19,347,6717,1651,1.4556000000000014e-05
24,111,19,332,6736,1656,1.4884000000000022e-05
24,112,19,350,7088,1724,1.5748000000000026e-05
24,113,19,280,6476,1594,1.4100000000000016e-05
24,114,19,333,7096,1726,1.5052000000000016e-05
24,115,19,343,6930,1705,1.509200000000002e-05
24,116,19,355,6638,1629,1.4156000000000013e-05
24,117,19,311,6451,1570,1.5908000000000025e-05
24,118,19,456,7054,1702,1.7540000000000032e-05
24,119,19,302,6838,1651,1.4196000000000016e-05
24,120,19,350,7112,1732,1.665200000000003e-05
24,121,19,330,7098,1716,1.3556000000000007e-05
24,122,19,338,7019,1714,1.4708000000000014e-05
24,123,19,331,7037,1723,1.520400000000002e-05
24,124,19,325,6039,1480,1.3332000000000007e-05
24,125,19,360,6407,1592,1.4620000000000014e-05
24,126,19,325,7287,1758,1.3236000000000007e-05
24,127,19,417,6762,1639,1.6324000000000025e-05
24,128,19,339,6579,1626,1.5452000000000028e-05
24,129,19,291,6385,1546,1.3364000000000008e-05
24,130,19,363,6769,1647,1.4224000000000027e-05
24,131,19,323,6691,1654,1.4012000000000011e-05
24,132,19,323,6709,1648,1.5276000000000025e-05
24,133,19,354,7047,1711,1.3864000000000025e-05
24,134,14,267,4770,1154,1.2788000000000004e-05
25,0,19,323,7243,1750,1.410000000000001e-05
25,1,19,360,7495,1808,1.558800000000002e-05
25,2,19,328,6911,1673,1.4532000000000013e-05
25,3,19,351,6459,1580,1.4020000000000013e-05
25,4,19,362,6648,1616,1.4684000000000014e-05
25,5,19,367,6936,1711,1.4748000000000015e-05
25,6,19,324,6889,1676,1.4140000000000012e-05
25,7,19,360,6684,1645,1.4300000000000017e-05
25,8,19,357,6622,1634,1.566800000000002e-05
25,9,19,335,7224,1758,1.5668000000000027e-05
25,10,19,332,7080,1715,1.6048000000000027e-05
25,11,19,324,6683,1637,1.4068000000000015e-05
25,12,19,350,5814,1423,1.4324000000000014e-05
25,13,19,377,7520,1836,1.4712000000000031e-05
25,14,19,348,6841,1661,1.5100000000000016e-05
25,15,19,331,7014,1728,1.4164000000000019e-05
25,16,19,329,6546,1605,1.4260000000000011e-05
25,17,19,399,7451,1807,1.7068000000000027e-05
25,18,19,302,6768,1648,1.473200000000002e-05
25,19,19,350,7175,1753,1.6624000000000022e-05
25,20,19,275,6021,1482,1.5124000000000022e-05
25,21,19,364,7101,1710,1.4284000000000016e-05
25,22,19,318,6752,1651,1.383600000000001e-05
25,23,19,299,6389,1563,1.3396000000000007e-05
25,24,19,324,6750,1649,1.4644000000000021e-05
25,25,19,417,6978,1691,1.6040000000000026e-05
25,26,19,390,6654,1633,1.9036000000000022e-05
25,27,19,399,6725,1642,1.586800000000002e-05
25,28,19,358,7265,1781,1.566800000000002e-05
25,29,19,344,7215,1756,1.4860000000000014e-05
25,30,19,330,7001,1711,1.410000000000001e-05
25,31,19,327,6989,1691,1.4140000000000012e-05
25,32,19,351,6903,1681,1.5196000000000017e-05
25,33,19,350,6239,1530,1.361200000000001e-05
25,34,19,398,7633,1866,1.586800000000002e-05
25,35,19,296,6701,1642,1.2912000000000021e-05
25,36,19,348,6817,1663,1.5100000000000016e-05
25,37,19,332,6766,1664,1.6048000000000027e-05
25,38,19,294,6228,1530,1.478800000000002e-05
25,39,19,352,7199,1746,1.5404000000000024e-05
25,40,19,300,6770,1655,1.3556000000000007e-05
25,41,19,356,7290,1770,1.4980000000000016e-05
25,42,19,392,6899,1677,1.5312000000000032e-05
25,43,19,349,6576,1614,1.4084000000000013e-05
25,44,19,355,7395,1797,1.4388000000000014e-05
25,45,19,331,6888,1684,1.3676000000000014e-05
25,46,19,357,6660,1623,1.4420000000000014e-05
25,47,19,395,6949,1688,1.6972000000000027e-05
25,48,19,324,6884,1666,1.6268000000000028e-05
25,49,19,373,6777,1654,1.4772000000000022e-05
25,50,19,358,7187,1745,1.672400000000003e-05
25,51,19,324,6403,1579,1.372400000000001e-05
25,52,19,346,7443,1825,1.659600000000003e-05
25,53,19,339,6857,1677,1.372400000000001e-05
25,54,19,332,6857,1674,1.6324000000000025e-05
25,55,19,349,6524,1597,1.4780000000000014e-05
25,56,19,398,7162,1743,1.6524000000000023e-05
25,57,19,335,6906,1691,1.4740000000000015e-05
25,58,19,323,6203,1517,1.3060000000000007e-05
25,59,19,362,6603,1608,1.4224000000000027e-05
25,60,19,325,6796,1670,1.5300000000000023e-05
25,61,19,366,7026,1711,1.4780000000000014e-05
25,62,19,325,6576,1612,1.4436000000000012e-05
25,63,19,329,7439,1800,1.4532000000000013e-05
25,64,19,403,7161,1748,1.710000000000003e-05
25,65,19,341,6943,1702,1.372400000000001e-05
25,66,19,296,6353,1562,1.2812000000000004e-05
25,67,19,300,6943,1694,1.5276000000000025e-05
25,68,19,357,7289,1757,1.4564000000000022e-05
25,69,19,350,7233,1762,1.4564000000000015e-05
25,70,19,359,7373,1790,1.562000000000002e-05
25,71,19,356,7061,1722,1.560000000000003e-05
25,72,19,325,6104,1498,1.4164000000000019e-05
25,73,19,357,6760,1661,1.4620000000000014e-05
25,74,19,358,6760,1661,1.485200000000002e-05
25,75,19,356,6305,1540,1.8524000000000025e-05
25,76,19,377,6866,1669,1.6244000000000023e-05
25,77,19,322,6743,1636,1.4164000000000019e-05
25,78,19,354,6801,1658,1.5556000000000022e-05
25,79,19,333,7154,1733,1.4564000000000013e-05
25,80,19,347,6475,1594,1.4260000000000013e-05
25,81,19,351,6995,1715,1.4532000000000013e-05
25,82,19,349,6742,1646,1.4924000000000013e-05
25,83,19,324,6449,1583,1.4228000000000012e-05
25,84,19,357,7374,1796,1.4796000000000016e-05
25,85,19,363,6828,1667,1.4276000000000015e-05
25,86,19,355,7493,1808,1.4108000000000011e-05
25,87,19,338,6999,1707,1.509200000000002e-05
25,88,19,353,7194,1755,1.7772000000000032e-05
25,89,19,347,6804,1653,1.5100000000000016e-05
25,90,19,381,6852,1671,1.8368e-05
25,91,19,335,6886,1665,1.3708000000000013e-05
25,92,19,327,6879,1685,1.4532000000000013e-05
25,93,19,352,7116,1736,1.534000000000002e-05
25,94,19,331,6566,1602,1.4676000000000013e-05
25,95,19,332,6713,1635,1.3356000000000007e-05
25,96,19,343,7343,1789,1.4196000000000013e-05
25,97,19,350,6430,1579,1.7052000000000033e-05
25,98,19,331,6943,1695,1.5728000000000033e-05
25,99,19,293,6178,1518,1.3972000000000015e-05
25,100,19,327,7348,1774,1.3180000000000008e-05
25,101,19,323,6785,1649,1.473200000000002e-05
25,102,19,332,6675,1642,1.347600000000001e-05
25,103,19,363,6803,1649,1.4452000000000015e-05
25,104,19,323,7398,1810,1.6140000000000025e-05
25,105,19,374,7091,1726,1.591600000000002e-05
25,106,19,299,6514,1587,1.3900000000000011e-05
25,107,19,356,6361,1570,1.5228000000000018e-05
25,108,19,317,6960,1687,1.4068000000000015e-05
25,109,19,323,7151,1736,1.4100000000000016e-05
25,110,19,334,6235,1540,1.4564000000000013e-05
25,111,19,330,6923,1671,1.3836000000000015e-05
25,112,19,328,6552,1616,1.4140000000000012e-05
25,113,19,355,6883,1686,1.5300000000000023e-05
25,114,19,344,6793,1665,1.4556000000000014e-05
25,115,19,325,6681,1623,1.4436000000000012e-05
25,116,19,336,6953,1690,1.5756000000000027e-05
25,117,19,332,6400,1574,1.3364000000000008e-05
25,118,19,356,6694,1639,1.534000000000002e-05
25,119,19,327,6702,1643,1.363600000000001e-05
25,120,19,364,6548,1585,1.4452000000000015e-05
25,121,19,348,6093,1491,1.4084000000000013e-05
25,122,19,395,7654,1843,1.6972000000000027e-05
25,123,19,362,7249,1765,1.5124000000000015e-05
25,124,19,295,6237,1546,1.482800000000002e-05
25,125,19,357,6807,1669,1.666000000000003e-05
25,126,19,322,6523,1589,1.3060000000000007e-05
25,127,19,353,6847,1669,1.4796000000000016e-05
25,128,19,327,6403,1558,1.4140000000000012e-05
25,129,19,321,7126,1729,1.3060000000000007e-05
25,130,19,327,6833,1657,1.410000000000001e-05
25,131,19,286,6381,1567,1.3236000000000005e-05
25,132,19,323,6801,1669,1.4012000000000016e-05
25,133,19,372,7471,1818,1.4932000000000016e-05
25,134,14,348,5168,1260,1.4260000000000013e-05
26,0,19,308,7158,1725,1.6844000000000034e-05
26,1,19,353,7226,1772,1.5452000000000028e-05
26,2,19,334,7093,1731,1.5116000000000023e-05
26,3,19,334,6440,1575,1.4564000000000013e-05
26,4,19,325,6809,1664,1.485200000000002e-05
26,5,19,295,6509,1587,1.2548000000000004e-05
26,6,19,327,6525,1604,1.3412000000000013e-05
26,7,19,350,7160,1747,1.5036000000000015e-05
26,8,19,329,6922,1687,1.4196000000000011e-05
26,9,19,352,6338,1549,1.4180000000000013e-05
26,10,19,354,6800,1679,1.4436000000000012e-05
26,11,19,331,7084,1720,1.485200000000002e-05
26,12,19,357,6775,1658,1.552400000000002e-05
26,13,19,325,6941,1694,1.410000000000001e-05
26,14,19,297,5974,1474,1.298800000000001e-05
26,15,19,305,6598,1631,1.3676000000000008e-05
26,16,19,354,7119,1738,1.3864000000000025e-05
26,17,19,320,6519,1588,1.347600000000001e-05
26,18,19,386,7362,1780,1.6612000000000027e-05
26,19,19,352,6422,1577,1.5460000000000018e-05
26,20,19,384,6862,1676,1.523600000000002e-05
26,21,19,362,6877,1680,1.5276000000000025e-05
26,22,19,343,6631,1637,1.5668000000000027e-05
26,23,19,330,6880,1684,1.6048000000000027e-05
26,24,19,354,6818,1661,1.4036000000000016e-05
26,25,19,301,6839,1666,1.3556000000000014e-05
26,26,19,357,6470,1572,1.4244000000000013e-05
26,27,19,363,7365,1792,1.573200000000002e-05
26,28,19,355,7524,1832,1.6020000000000026e-05
26,29,19,325,6584,1616,1.4436000000000012e-05
26,30,19,328,6900,1667,1.4476000000000012e-05
26,31,19,303,7119,1749,1.429200000000002e-05
26,32,19,319,6241,1542,1.3484000000000008e-05
26,33,19,351,6765,1652,1.4260000000000013e-05
26,34,19,347,7260,1763,1.5300000000000023e-05
26,35,19,323,6755,1653,1.478800000000002e-05
26,36,19,347,6794,1667,1.5188000000000016e-05
26,37,19,323,6980,1712,1.5564000000000026e-05
26,38,19,332,6395,1577,1.623600000000003e-05
26,39,19,344,6654,1635,1.5036000000000015e-05
26,40,19,395,7011,1706,1.573200000000002e-05
26,41,19,375,7163,1768,1.5124000000000016e-05
26,42,19,327,6845,1697,1.5668000000000027e-05
26,43,19,388,7763,1887,1.5308000000000024e-05
26,44,19,355,7162,1748,1.4620000000000014e-05
26,45,19,316,6974,1707,1.410000000000001e-05
26,46,19,324,6910,1681,1.429200000000002e-05
26,47,19,352,7153,1748,1.4556000000000021e-05
26,48,19,354,7104,1723,1.528400000000002e-05
26,49,19,391,7602,1856,1.7140000000000032e-05
26,50,19,357,7029,1714,1.552400000000002e-05
26,51,19,356,7049,1740,1.5712000000000032e-05
26,52,19,353,6257,1543,1.5460000000000018e-05
26,53,19,324,6339,1553,1.5524000000000026e-05
26,54,19,348,7463,1838,1.4084000000000013e-05
26,55,19,381,7203,1766,1.5172000000000018e-05
26,56,19,371,6868,1670,1.4352000000000028e-05
26,57,19,324,6713,1650,1.4436000000000012e-05
26,58,19,362,7356,1784,1.4684000000000014e-05
26,59,19,393,7272,1770,1.577200000000002e-05
26,60,19,241,5594,1378,1.1819999999999999e-05
26,61,19,331,6737,1667,1.4436000000000012e-05
26,62,19,318,6815,1668,1.403600000000002e-05
26,63,19,347,6889,1676,1.5100000000000016e-05
26,64,19,361,7419,1817,1.546800000000002e-05
26,65,19,368,7174,1750,1.5092000000000016e-05
26,66,19,329,7199,1764,1.5668000000000027e-05
26,67,19,319,7073,1718,1.394800000000001e-05
26,68,19,325,6883,1694,1.357200000000001e-05
26,69,19,323,6889,1678,1.482800000000002e-05
26,70,19,424,7131,1749,2.095999999999998e-05
26,71,19,356,7067,1716,1.5188000000000016e-05
26,72,19,331,6492,1577,1.4988000000000015e-05
26,73,19,300,6863,1671,1.5300000000000023e-05
26,74,19,353,7164,1754,1.560000000000003e-05
26,75,19,327,6685,1624,1.4916000000000026e-05
26,76,19,346,7963,1912,1.5300000000000023e-05
26,77,19,348,6942,1706,1.4924000000000013e-05
26,78,19,354,6919,1678,1.4156000000000013e-05
26,79,19,357,7126,1741,1.5124000000000015e-05
26,80,19,330,6983,1698,1.4324000000000012e-05
26,81,19,376,6888,1687,1.659600000000003e-05
26,82,19,360,6306,1547,1.558800000000002e-05
26,83,19,382,6679,1647,1.541200000000002e-05
26,84,19,353,6513,1609,1.5036000000000015e-05
26,85,19,483,6909,1687,1.8104e-05
26,86,19,370,7535,1823,1.4620000000000016e-05
26,87,19,345,7141,1750,1.4228000000000014e-05
26,88,19,346,6394,1576,1.4644000000000014e-05
26,89,19,297,6538,1596,1.597200000000003e-05
26,90,19,331,7405,1805,1.3596000000000008e-05
26,91,19,333,6486,1591,1.3596000000000008e-05
26,92,19,329,7072,1723,1.472400000000002e-05
26,93,19,357,6897,1704,1.5556000000000022e-05
26,94,19,357,6882,1674,1.7072000000000015e-05
26,95,19,336,6371,1555,1.4196000000000011e-05
26,96,19,356,6891,1668,1.5228000000000018e-05
26,97,19,326,6648,1606,1.3332000000000007e-05
26,98,19,359,7367,1802,1.6076000000000024e-05
26,99,19,354,7214,1760,1.528400000000002e-05
26,100,19,326,6929,1671,1.569600000000003e-05
26,101,19,325,6783,1643,1.3524000000000015e-05
26,102,19,354,7194,1748,1.5460000000000018e-05
26,103,19,424,7706,1876,1.686000000000003e-05
26,104,19,391,7030,1714,1.4488000000000031e-05
26,105,19,283,6822,1663,1.2908000000000006e-05
26,106,19,325,6461,1599,1.3348000000000005e-05
26,107,19,350,6883,1657,1.528400000000002e-05
26,108,19,316,7088,1726,1.410000000000001e-05
26,109,19,331,6682,1666,1.4580000000000018e-05
26,110,19,360,6863,1681,1.3676000000000011e-05
26,111,19,324,6996,1722,1.3556000000000007e-05
26,112,19,317,6441,1573,1.4508000000000013e-05
26,113,19,344,7066,1703,1.4140000000000014e-05
26,114,19,363,6634,1621,1.8652000000000024e-05
26,115,19,354,6514,1594,1.4228000000000012e-05
26,116,19,295,6354,1561,1.485200000000002e-05
26,117,19,330,6974,1711,1.4436000000000012e-05
26,118,19,363,7051,1724,1.5188000000000018e-05
26,119,19,352,7419,1808,1.7204000000000034e-05
26,120,19,361,6721,1632,1.4276000000000015e-05
26,121,19,347,6686,1633,1.5100000000000016e-05
26,122,19,334,6598,1623,1.4644000000000014e-05
26,123,19,370,6928,1691,1.585200000000002e-05
26,124,19,324,6639,1601,1.3060000000000007e-05
26,125,19,389,7179,1744,1.684400000000003e-05
26,126,19,366,7368,1788,1.771200000000001e-05
26,127,19,323,6443,1575,1.577600000000003e-05
26,128,19,308,6974,1696,1.5988000000000027e-05
26,129,19,329,6928,1677,1.3364000000000008e-05
26,130,19,351,6762,1641,1.5164000000000016e-05
26,131,19,377,7214,1779,1.636400000000002e-05
26,132,19,358,6978,1720,1.4420000000000014e-05
26,133,19,331,6641,1616,1.4924000000000015e-05
26,134,14,415,5120,1248,1.5788000000000026e-05
27,0,19,320,6776,1643,1.4980000000000021e-05
27,1,19,333,6552,1597,1.4436000000000012e-05
27,2,19,355,6479,1594,1.4356000000000015e-05
27,3,19,304,6464,1592,1.3332000000000006e-05
27,4,19,316,6967,1704,1.4372000000000012e-05
27,5,19,379,7269,1752,1.534800000000002e-05
27,6,19,322,7059,1730,1.3708000000000013e-05
27,7,19,322,5918,1451,1.3236000000000007e-05
27,8,19,379,7359,1790,1.534800000000002e-05
27,9,19,319,6754,1660,1.3724000000000011e-05
27,10,19,350,6873,1687,1.5180000000000022e-05
27,11,19,381,6793,1659,1.534800000000002e-05
27,12,19,393,6866,1680,1.991600000000001e-05
27,13,19,332,6926,1691,1.665200000000003e-05
27,14,19,314,6758,1645,1.359600000000001e-05
27,15,19,350,7030,1719,1.4260000000000013e-05
27,16,19,362,7200,1757,1.552400000000002e-05
27,17,19,326,6389,1572,1.4140000000000012e-05
27,18,19,320,6309,1563,1.4884000000000022e-05
27,19,19,288,6520,1581,1.2908000000000006e-05
27,20,19,329,6798,1668,1.3332000000000007e-05
27,21,19,297,6931,1667,1.2692000000000003e-05
27,22,19,318,7237,1750,1.3876000000000009e-05
27,23,19,330,7262,1768,1.4140000000000012e-05
27,24,19,357,6796,1659,1.5124000000000023e-05
27,25,19,295,6300,1550,1.5180000000000022e-05
27,26,19,388,6686,1638,1.6908000000000025e-05
27,27,19,390,6884,1685,1.6908000000000025e-05
27,28,19,354,6969,1713,1.4620000000000014e-05
27,29,19,357,7396,1803,1.5124000000000015e-05
27,30,19,353,7294,1785,1.5188000000000023e-05
27,31,19,332,6897,1691,1.3708000000000013e-05
27,32,19,323,6677,1622,1.3556000000000007e-05
27,33,19,329,6047,1503,1.4668000000000014e-05
27,34,19,309,6148,1514,1.3532000000000009e-05
27,35,19,418,7026,1711,1.6420000000000026e-05
27,36,19,386,6943,1695,1.6644000000000026e-05
27,37,19,322,7096,1733,1.3060000000000007e-05
27,38,19,377,6751,1644,1.6244000000000023e-05
27,39,19,292,6380,1571,1.406800000000002e-05
27,40,19,352,7062,1718,1.6176000000000026e-05
27,41,19,354,6120,1513,1.5316000000000017e-05
27,42,19,324,6611,1625,1.4140000000000012e-05
27,43,19,354,7060,1725,1.5124000000000015e-05
27,44,19,330,6455,1601,1.359600000000001e-05
27,45,19,363,7264,1782,1.577600000000003e-05
27,46,19,331,6611,1617,1.3596000000000008e-05
27,47,19,328,7305,1773,1.6148000000000026e-05
27,48,19,316,6390,1563,1.410000000000001e-05
27,49,19,385,6477,1586,1.4952000000000032e-05
27,50,19,389,6896,1699,1.5016000000000034e-05
27,51,19,336,6853,1685,1.4564000000000013e-05
27,52,19,322,6525,1599,1.407600000000001e-05
27,53,19,384,7284,1767,1.560000000000003e-05
27,54,19,328,6890,1700,1.7052000000000033e-05
27,55,19,349,7056,1727,1.5460000000000018e-05
27,56,19,357,7441,1809,1.552400000000002e-05
27,57,19,384,6346,1542,1.524400000000002e-05
27,58,19,320,6633,1619,1.347600000000001e-05
27,59,19,357,7287,1775,1.534000000000002e-05
27,60,19,332,6885,1679,1.633200000000003e-05
27,61,19,316,6655,1613,1.4884000000000022e-05
27,62,19,363,6128,1492,1.4452000000000015e-05
27,63,19,357,6632,1633,1.4620000000000014e-05
27,64,19,320,7386,1791,1.4108000000000011e-05
27,65,19,356,7290,1759,1.5228000000000018e-05
27,66,19,329,6644,1630,1.4532000000000013e-05
27,67,19,330,7012,1697,1.4452000000000013e-05
27,68,19,381,6927,1711,1.4888000000000031e-05
27,69,19,329,6489,1590,1.3556000000000007e-05
27,70,19,352,6684,1643,1.5460000000000018e-05
27,71,19,355,7358,1801,1.4620000000000014e-05
27,72,19,334,6531,1601,1.410000000000001e-05
27,73,19,329,6407,1563,1.3596000000000008e-05
27,74,19,389,6534,1586,1.4764000000000018e-05
27,75,19,316,6626,1617,1.4068000000000015e-05
27,76,19,364,6517,1595,1.5452000000000028e-05
27,77,19,347,6688,1618,1.4084000000000013e-05
27,78,19,357,7045,1707,1.7072000000000015e-05
27,79,19,364,6863,1683,1.5188000000000016e-05
27,80,19,354,7045,1722,1.4148000000000014e-05
27,81,19,328,7022,1708,1.4140000000000012e-05
27,82,19,378,7081,1726,1.5188000000000016e-05
27,83,19,377,7286,1781,1.570000000000002e-05
27,84,19,319,6992,1716,1.4196000000000011e-05
27,85,19,314,6864,1680,1.359600000000001e-05
27,86,19,358,7111,1712,1.4220000000000015e-05
27,87,19,358,6531,1606,1.8620000000000025e-05
27,88,19,335,6605,1607,1.3364000000000008e-05
27,89,19,319,6532,1599,1.4108000000000011e-05
27,90,19,347,6741,1640,1.7380000000000037e-05
27,91,19,331,6655,1630,1.7804000000000035e-05
27,92,19,351,6734,1646,1.5252000000000016e-05
27,93,19,299,6186,1517,1.4196000000000016e-05
27,94,19,354,7333,1776,1.4148000000000014e-05
27,95,19,346,6804,1656,1.6268000000000028e-05
27,96,19,384,6928,1687,1.6372000000000022e-05
27,97,19,367,7336,1793,1.4780000000000014e-05
27,98,19,327,7034,1707,1.4540000000000013e-05
27,99,19,322,6302,1540,1.3068000000000011e-05
27,100,19,357,7142,1738,1.4572000000000014e-05
27,101,19,353,7351,1799,1.4148000000000014e-05
27,102,19,335,6949,1685,1.3356000000000007e-05
27,103,19,349,6593,1640,1.4084000000000013e-05
27,104,19,333,6755,1654,1.3692000000000009e-05
27,105,19,316,6643,1632,1.4012000000000011e-05
27,106,19,284,6179,1525,1.3292000000000006e-05
27,107,19,359,6045,1487,1.4228000000000017e-05
27,108,19,295,6529,1601,1.3052000000000006e-05
27,109,19,357,7160,1769,1.4420000000000014e-05
27,110,19,350,6261,1541,1.4084000000000013e-05
27,111,19,355,6952,1678,1.3864000000000025e-05
27,112,19,330,6879,1677,1.4652000000000022e-05
27,113,19,325,6632,1628,1.4436000000000012e-05
27,114,19,312,6765,1652,1.5220000000000022e-05
27,115,19,331,7134,1730,1.4196000000000011e-05
27,116,19,330,6873,1685,1.587200000000003e-05
27,117,19,330,6427,1576,1.3596000000000008e-05
27,118,19,289,6368,1565,1.3556000000000014e-05
27,119,19,330,6698,1640,1.3364000000000008e-05
27,120,19,319,6400,1566,1.3556000000000007e-05
27,121,19,332,6745,1647,1.3596000000000008e-05
27,122,19,345,6730,1646,1.5188000000000016e-05
27,123,19,336,6946,1677,1.4532000000000013e-05
27,124,19,359,6652,1640,1.4884000000000022e-05
27,125,19,364,6977,1699,1.7796000000000038e-05
27,126,19,340,7169,1747,1.4228000000000012e-05
27,127,19,342,7634,1859,1.5124000000000015e-05
27,128,19,354,6642,1638,1.4436000000000012e-05
27,129,19,327,6760,1647,1.403600000000001e-05
27,130,19,332,6565,1604,1.4988000000000015e-05
27,131,19,272,6192,1512,1.339600000000001e-05
27,132,19,317,6589,1631,1.410000000000001e-05
27,133,19,317,6509,1605,1.3652000000000008e-05
27,134,14,391,5171,1257,1.6908000000000025e-05
28,0,19,347,6663,1625,1.5220000000000015e-05
28,1,19,327,7081,1720,1.4284000000000016e-05
28,2,19,325,7238,1763,1.4404000000000012e-05
28,3,19,317,6635,1639,1.410000000000001e-05
28,4,19,343,6987,1718,1.5036000000000015e-05
28,5,19,326,6667,1624,1.4068000000000015e-05
28,6,19,350,6780,1678,1.4084000000000013e-05
28,7,19,319,6366,1550,1.3236000000000005e-05
28,8,19,337,6984,1693,1.5396000000000027e-05
28,9,19,362,6940,1695,1.4452000000000015e-05
28,10,19,395,7097,1733,1.6820000000000025e-05
28,11,19,342,6630,1630,1.5124000000000015e-05
28,12,19,379,7354,1794,1.4748000000000017e-05
28,13,19,346,6677,1634,1.623600000000003e-05
28,14,19,360,6420,1560,1.558800000000002e-05
28,15,19,300,6536,1596,1.3900000000000011e-05
28,16,19,299,6625,1622,1.3052000000000006e-05
28,17,19,324,6501,1602,1.4140000000000012e-05
28,18,19,356,6830,1675,1.4508000000000014e-05
28,19,19,283,6409,1569,1.2492000000000002e-05
28,20,19,296,6196,1513,1.3516000000000014e-05
28,21,19,323,6061,1495,1.399600000000001e-05
28,22,19,358,7066,1722,1.4108000000000011e-05
28,23,19,324,6954,1703,1.520400000000002e-05
28,24,19,330,7114,1742,1.3900000000000011e-05
28,25,19,336,7074,1712,1.4372000000000012e-05
28,26,19,356,6740,1638,1.4980000000000016e-05
28,27,19,370,6676,1642,1.5308000000000017e-05
28,28,19,359,6690,1636,1.5076000000000016e-05
28,29,19,280,5897,1447,1.3236000000000005e-05
28,30,19,348,6482,1577,1.4260000000000013e-05
28,31,19,327,6379,1567,1.6956000000000032e-05
28,32,19,341,6433,1579,1.4500000000000015e-05
28,33,19,394,6497,1579,1.5080000000000033e-05
28,34,19,361,6535,1598,1.4924000000000015e-05
28,35,19,328,7371,1796,1.5180000000000022e-05
28,36,19,391,6361,1555,1.6364000000000025e-05
28,37,19,298,6812,1645,1.384400000000001e-05
28,38,19,295,6768,1662,1.3116000000000011e-05
28,39,19,282,6352,1565,1.4580000000000018e-05
28,40,19,326,7107,1718,1.4140000000000012e-05
28,41,19,332,6909,1680,1.3060000000000007e-05
28,42,19,344,6921,1690,1.8356000000000026e-05
28,43,19,323,7505,1819,1.3316000000000013e-05
28,44,19,325,6834,1651,1.485200000000002e-05
28,45,19,310,6456,1588,1.3684000000000008e-05
28,46,19,357,6922,1681,1.4244000000000013e-05
28,47,19,323,6534,1611,1.4436000000000012e-05
28,48,19,444,6804,1672,1.752400000000003e-05
28,49,19,331,7418,1805,1.4436000000000012e-05
28,50,19,331,6902,1673,1.4692000000000023e-05
28,51,19,322,6485,1588,1.406800000000002e-05
28,52,19,329,6807,1663,1.406800000000002e-05
28,53,19,284,6608,1606,1.2820000000000004e-05
28,54,19,394,6918,1691,1.577200000000002e-05
28,55,19,303,6963,1680,1.3908000000000012e-05
28,56,19,353,6879,1672,1.623600000000003e-05
28,57,19,345,7004,1714,1.642000000000003e-05
28,58,19,355,6888,1672,1.509200000000002e-05
28,59,19,293,6468,1581,1.2788000000000004e-05
28,60,19,355,7857,1925,1.546000000000002e-05
28,61,19,362,6523,1591,1.4260000000000011e-05
28,62,19,361,6644,1625,1.5020000000000015e-05
28,63,19,354,7125,1738,1.5556000000000022e-05
28,64,19,329,6753,1649,1.4436000000000012e-05
28,65,19,309,6669,1649,1.5580000000000027e-05
28,66,19,335,6708,1633,1.5060000000000015e-05
28,67,19,423,7624,1866,2.3227999999999975e-05
28,68,19,386,6906,1688,1.552400000000002e-05
28,69,19,262,6148,1504,1.2548000000000008e-05
28,70,19,305,7106,1731,1.3676000000000008e-05
28,71,19,294,6330,1571,1.636400000000003e-05
28,72,19,358,6834,1683,1.5076000000000016e-05
28,73,19,309,6984,1707,1.406800000000002e-05
28,74,19,359,6535,1615,1.4192000000000026e-05
28,75,19,352,6357,1563,1.5756000000000027e-05
28,76,19,358,6645,1630,1.4244000000000013e-05
28,77,19,330,6774,1663,1.359600000000001e-05
28,78,19,393,7559,1847,1.5312000000000032e-05
28,79,19,316,5864,1460,1.4012000000000011e-05
28,80,19,391,7097,1720,1.6908000000000025e-05
28,81,19,350,7319,1774,1.528400000000002e-05
28,82,19,301,6661,1625,1.3148000000000007e-05
28,83,19,326,6627,1633,1.4436000000000012e-05
28,84,19,430,7136,1727,1.7972000000000027e-05
28,85,19,329,6819,1665,1.410000000000001e-05
28,86,19,347,7169,1737,1.4556000000000014e-05
28,87,19,323,7031,1750,1.3532000000000009e-05
28,88,19,313,6331,1544,1.3740000000000009e-05
28,89,19,347,6069,1492,1.4260000000000014e-05
28,90,19,320,6085,1502,1.3236000000000007e-05
28,91,19,321,6930,1699,1.4164000000000015e-05
28,92,19,361,6803,1662,1.5060000000000015e-05
28,93,19,324,6550,1601,1.4208000000000029e-05
28,94,19,351,6803,1655,1.3832000000000024e-05
28,95,19,326,6405,1584,1.3564000000000008e-05
28,96,19,354,6805,1662,1.4980000000000016e-05
28,97,19,370,7555,1844,1.5308000000000017e-05
28,98,19,352,6565,1613,1.534000000000002e-05
28,99,19,362,7555,1832,1.4684000000000014e-05
28,100,19,384,7171,1747,1.544400000000002e-05
28,101,19,323,6471,1611,1.4436000000000012e-05
28,102,19,323,6932,1686,1.4372000000000012e-05
28,103,19,344,6548,1610,1.5396000000000027e-05
28,104,19,382,7022,1703,1.716800000000002e-05
28,105,19,302,6466,1594,1.2876000000000003e-05
28,106,19,408,7095,1719,1.9903999999999988e-05
28,107,19,363,7522,1812,1.573200000000002e-05
28,108,19,334,6499,1584,1.611600000000003e-05
28,109,19,348,7261,1761,1.5348000000000016e-05
28,110,19,293,6728,1633,1.3420000000000007e-05
28,111,19,312,6535,1590,1.3652000000000008e-05
28,112,19,327,6717,1646,1.384400000000001e-05
28,113,19,315,6502,1590,1.2996000000000006e-05
28,114,19,389,8036,1947,1.6908000000000025e-05
28,115,19,443,7857,1916,1.752400000000003e-05
28,116,19,325,6572,1608,1.4436000000000012e-05
28,117,19,324,7165,1763,1.4436000000000012e-05
28,118,19,300,6548,1595,1.3828000000000016e-05
28,119,19,322,6084,1491,1.3060000000000007e-05
28,120,19,335,6176,1500,1.477200000000002e-05
28,121,19,349,6915,1700,1.4084000000000013e-05
28,122,19,356,6576,1609,1.4620000000000014e-05
28,123,19,329,7056,1729,1.394800000000001e-05
28,124,19,351,6826,1672,1.798000000000003e-05
28,125,19,358,7272,1767,1.552400000000002e-05
28,126,19,352,7192,1749,1.5668000000000027e-05
28,127,19,333,7074,1725,1.410000000000001e-05
28,128,19,326,6470,1581,1.4404000000000012e-05
28,129,19,324,6857,1680,1.3684000000000008e-05
28,130,19,356,6761,1643,1.7092000000000036e-05
28,131,19,324,6559,1597,1.4164000000000019e-05
28,132,19,329,7210,1760,1.4580000000000018e-05
28,133,19,394,7357,1770,1.6624000000000022e-05
28,134,14,327,4904,1221,1.359600000000001e-05
29,0,19,296,5698,1414,1.3052000000000006e-05
29,1,19,316,7186,1748,1.4564000000000022e-05
29,2,19,396,8079,1950,1.6956000000000032e-05
29,3,19,330,6712,1652,1.611600000000003e-05
29,4,19,325,6476,1566,1.4436000000000012e-05
29,5,19,370,6599,1613,1.4812000000000017e-05
29,6,19,282,6904,1678,1.520400000000002e-05
29,7,19,382,7104,1722,1.6548000000000025e-05
29,8,19,371,7361,1787,1.6176000000000026e-05
29,9,19,356,7153,1731,1.6956000000000032e-05
29,10,19,359,6344,1559,1.4556000000000021e-05
29,11,19,325,6841,1666,1.4228000000000012e-05
29,12,19,331,6092,1514,1.359600000000001e-05
29,13,19,331,6607,1637,1.520400000000002e-05
29,14,19,354,7160,1742,1.5628000000000024e-05
29,15,19,335,6959,1689,1.3372000000000009e-05
29,16,19,324,7203,1754,1.410000000000001e-05
29,17,19,342,7636,1856,1.5124000000000015e-05
29,18,19,287,6296,1555,1.4068000000000015e-05
29,19,19,324,6995,1713,1.4228000000000012e-05
29,20,19,331,7140,1733,1.3596000000000008e-05
29,21,19,352,7816,1901,1.577600000000003e-05
29,22,19,385,7257,1757,1.884400000000002e-05
29,23,19,428,6494,1584,1.7908000000000026e-05
29,24,19,301,6411,1557,1.3556000000000014e-05
29,25,19,362,6703,1647,1.560000000000003e-05
29,26,19,337,6928,1684,1.4620000000000014e-05
29,27,19,352,7439,1804,1.534000000000002e-05
29,28,19,371,6742,1651,1.585200000000002e-05
29,29,19,325,6827,1668,1.4436000000000012e-05
29,30,19,332,6960,1699,1.6048000000000027e-05
29,31,19,302,6400,1555,1.396400000000001e-05
29,32,19,388,6929,1696,1.6364000000000025e-05
29,33,19,346,6778,1659,1.4260000000000014e-05
29,34,19,321,6186,1533,1.4012000000000011e-05
29,35,19,311,6745,1631,1.3684000000000008e-05
29,36,19,315,6749,1659,1.410000000000001e-05
29,37,19,325,6379,1556,1.3060000000000007e-05
29,38,19,386,6625,1602,1.541200000000002e-05
29,39,19,330,6723,1633,1.5728000000000033e-05
29,40,19,344,6651,1627,1.5628000000000024e-05
29,41,19,333,6514,1581,1.708400000000003e-05
29,42,19,343,6486,1569,1.5124000000000015e-05
29,43,19,383,7557,1824,1.523600000000002e-05
29,44,19,323,6068,1505,1.3180000000000008e-05
29,45,19,358,7008,1708,1.4212000000000014e-05
29,46,19,315,7002,1703,1.623600000000003e-05
29,47,19,361,6745,1659,1.5100000000000016e-05
29,48,19,339,7119,1747,1.372400000000001e-05
29,49,19,322,6885,1671,1.560000000000003e-05
29,50,19,322,6913,1690,1.4068000000000015e-05
29,51,19,361,6926,1693,1.4224000000000027e-05
29,52,19,354,7038,1728,1.5460000000000018e-05
29,53,19,354,7126,1747,1.5556000000000022e-05
29,54,19,331,7441,1800,1.3596000000000008e-05
29,55,19,339,6566,1619,1.4580000000000013e-05
29,56,19,383,7252,1754,1.6748000000000027e-05
29,57,19,347,6820,1658,1.632400000000003e-05
29,58,19,380,7406,1797,1.7804000000000035e-05
29,59,19,382,6455,1574,1.6460000000000022e-05
29,60,19,361,7153,1749,1.4452000000000015e-05
29,61,19,346,6521,1595,1.4676000000000018e-05
29,62,19,338,6959,1701,1.6268000000000028e-05
29,63,19,384,7693,1877,1.558800000000002e-05
29,64,19,321,6431,1582,1.3388000000000006e-05
29,65,19,349,7020,1706,1.4260000000000013e-05
29,66,19,322,7006,1680,1.3508000000000009e-05
29,67,19,348,6664,1621,1.5100000000000016e-05
29,68,19,420,6776,1658,1.7996000000000026e-05
29,69,19,297,6526,1596,1.3172000000000005e-05
29,70,19,391,7147,1747,1.6364000000000025e-05
29,71,19,322,6644,1629,1.3324000000000007e-05
29,72,19,354,7000,1696,1.4324000000000014e-05
29,73,19,352,6408,1557,1.3864000000000025e-05
29,74,19,333,6667,1637,1.3596000000000008e-05
29,75,19,356,7213,1759,1.4212000000000014e-05
29,76,19,343,6451,1581,1.5036000000000015e-05
29,77,19,343,6865,1680,1.5036000000000015e-05
29,78,19,395,7687,1869,1.6428000000000023e-05
29,79,19,420,7187,1735,1.6420000000000026e-05
29,80,19,402,6704,1639,1.7268000000000025e-05
29,81,19,331,6616,1623,1.4228000000000012e-05
29,82,19,392,6834,1663,1.6212000000000024e-05
29,83,19,402,6635,1614,1.5440000000000032e-05
29,84,19,349,7273,1771,1.5100000000000016e-05
29,85,19,320,6729,1645,1.4108000000000011e-05
29,86,19,321,6285,1556,1.5548000000000028e-05
29,87,19,302,6738,1662,1.3556000000000007e-05
29,88,19,323,7233,1769,1.3876000000000009e-05
29,89,19,328,6731,1639,1.359600000000001e-05
29,90,19,301,6698,1646,1.4284000000000016e-05
29,91,19,344,7019,1727,1.4532000000000013e-05
29,92,19,336,6768,1675,1.3692000000000009e-05
29,93,19,353,7176,1741,1.5188000000000016e-05
29,94,19,324,6642,1616,1.5220000000000022e-05
29,95,19,342,7139,1736,1.623600000000003e-05
29,96,19,328,7271,1782,1.5628000000000024e-05
29,97,19,353,6202,1518,1.5460000000000018e-05
29,98,19,386,7157,1729,1.6068000000000023e-05
29,99,19,348,6868,1684,1.7380000000000037e-05
29,100,19,326,6490,1615,1.560000000000003e-05
29,101,19,283,6318,1530,1.3172000000000005e-05
29,102,19,356,6704,1639,1.4420000000000014e-05
29,103,19,292,6672,1632,1.420800000000003e-05
29,104,19,346,7427,1804,1.5188000000000016e-05
29,105,19,334,7352,1771,1.4548000000000014e-05
29,106,19,331,6095,1481,1.366800000000001e-05
29,107,19,383,6739,1647,1.4952000000000032e-05
29,108,19,327,6935,1671,1.449200000000002e-05
29,109,19,323,6631,1627,1.4164000000000019e-05
29,110,19,321,6830,1672,1.347600000000001e-05
29,111,19,348,7116,1743,1.553200000000002e-05
29,112,19,359,6476,1599,1.4620000000000014e-05
29,113,19,332,6800,1656,1.410000000000001e-05
29,114,19,362,7180,1752,1.5460000000000018e-05
29,115,19,350,6932,1699,1.5252000000000016e-05
29,116,19,318,6974,1698,1.5452000000000028e-05
29,117,19,361,7109,1715,1.5164000000000016e-05
29,118,19,351,7111,1762,1.5124000000000015e-05
29,119,19,323,6536,1596,1.3452000000000008e-05
29,120,19,326,6962,1696,1.4436000000000012e-05
29,121,19,329,7086,1731,1.4532000000000013e-05
29,122,19,326,6790,1652,1.3924000000000016e-05
29,123,19,358,7353,1788,1.4796000000000016e-05
29,124,19,362,7216,1742,1.4684000000000014e-05
29,125,19,362,6780,1661,1.4224000000000027e-05
29,126,19,335,6989,1718,1.708400000000003e-05
29,127,19,324,6727,1639,1.4436000000000012e-05
29,128,19,327,7167,1737,1.5276000000000025e-05
29,129,19,323,6820,1671,1.4804000000000014e-05
29,130,19,327,6588,1614,1.5452000000000028e-05
29,131,19,335,6674,1619,1.406800000000002e-05
29,132,19,323,6758,1656,1.4076000000000012e-05
29,133,19,297,6755,1657,1.3348000000000005e-05
29,134,14,281,4701,1154,1.2308000000000001e-05
30,0,19,323,6749,1644,1.410000000000001e-05
30,1,19,352,6892,1688,1.4180000000000013e-05
30,2,19,361,6452,1572,1.4276000000000015e-05
30,3,19,320,6502,1589,1.3204000000000006e-05
30,4,19,301,6001,1469,1.2276e-05
30,5,19,332,7322,1787,1.4012000000000011e-05
30,6,19,307,6305,1537,1.4380000000000011e-05
30,7,19,323,6674,1617,1.3236000000000005e-05
30,8,19,346,7303,1783,1.5100000000000016e-05
30,9,19,278,6094,1486,1.3236000000000005e-05
30,10,19,293,6275,1545,1.4036000000000016e-05
30,11,19,323,6685,1637,1.5276000000000025e-05
30,12,19,350,6511,1610,1.5164000000000016e-05
30,13,19,321,7096,1726,1.4404000000000012e-05
30,14,19,317,6113,1493,1.4012000000000011e-05
30,15,19,354,7530,1829,1.672000000000002e-05
30,16,19,418,6848,1657,1.6612000000000027e-05
30,17,19,351,7448,1811,1.4084000000000013e-05
30,18,19,294,6065,1481,1.3332000000000006e-05
30,19,19,412,7454,1817,1.597600000000002e-05
30,20,19,323,6679,1630,1.3580000000000007e-05
30,21,19,343,7086,1737,1.5036000000000015e-05
30,22,19,325,7033,1724,1.577600000000003e-05
30,23,19,354,7157,1754,1.4324000000000014e-05
30,24,19,344,6602,1622,1.633200000000003e-05
30,25,19,312,6663,1642,1.3676000000000008e-05
30,26,19,332,7110,1737,1.3412000000000008e-05
30,27,19,347,6977,1701,1.4644000000000014e-05
30,28,19,324,6556,1596,1.394800000000001e-05
30,29,19,354,6641,1610,1.552400000000002e-05
30,30,19,296,6548,1617,1.5124000000000022e-05
30,31,19,334,7044,1720,1.4564000000000013e-05
30,32,19,330,7213,1772,1.3596000000000008e-05
30,33,19,297,6491,1588,1.3268000000000004e-05
30,34,19,327,6876,1664,1.3332000000000007e-05
30,35,19,331,6609,1613,1.5600000000000034e-05
30,36,19,362,7067,1723,1.571600000000002e-05
30,37,19,307,6555,1620,1.394800000000001e-05
30,38,19,348,6917,1684,1.4564000000000015e-05
30,39,19,322,7066,1740,1.4068000000000015e-05
30,40,19,333,6643,1626,1.4236000000000012e-05
30,41,19,362,6919,1673,1.7616000000000012e-05
30,42,19,350,6942,1698,1.5460000000000018e-05
30,43,19,325,7539,1823,1.5796000000000026e-05
30,44,19,370,7170,1745,1.4812000000000017e-05
30,45,19,448,6384,1568,1.7424000000000008e-05
30,46,19,314,6654,1625,1.410000000000001e-05
30,47,19,279,6063,1485,1.3556000000000014e-05
30,48,19,275,6519,1592,1.3292000000000006e-05
30,49,19,331,6053,1488,1.3364000000000008e-05
30,50,19,329,6588,1606,1.5792000000000034e-05
30,51,19,332,6641,1626,1.3596000000000008e-05
30,52,19,386,6824,1672,1.8735999999999998e-05
30,53,19,343,7128,1736,1.5668000000000027e-05
30,54,19,347,7160,1737,1.5100000000000016e-05
30,55,19,284,6799,1655,1.5220000000000022e-05
30,56,19,354,6804,1649,1.4324000000000014e-05
30,57,19,326,6864,1659,1.426000000000002e-05
30,58,19,351,7058,1735,1.5460000000000018e-05
30,59,19,357,6623,1635,1.7072000000000015e-05
30,60,19,324,6406,1572,1.4868000000000014e-05
30,61,19,297,6370,1531,1.3052000000000006e-05
30,62,19,356,7105,1724,1.5228000000000018e-05
30,63,19,331,6923,1697,1.4988000000000015e-05
30,64,19,360,7236,1765,1.4260000000000013e-05
30,65,19,296,6666,1663,1.3716000000000009e-05
30,66,19,375,7192,1770,1.5156000000000015e-05
30,67,19,331,6383,1568,1.3188000000000008e-05
30,68,19,384,6933,1706,1.541200000000002e-05
30,69,19,287,6420,1587,1.3716000000000009e-05
30,70,19,347,7200,1754,1.708400000000003e-05
30,71,19,353,7524,1826,1.4436000000000012e-05
30,72,19,353,6905,1684,1.4324000000000014e-05
30,73,19,321,6367,1576,1.406800000000002e-05
30,74,19,315,6482,1594,1.410000000000001e-05
30,75,19,359,6421,1573,1.562000000000002e-05
30,76,19,323,6176,1525,1.4436000000000012e-05
30,77,19,355,6746,1642,1.5188000000000021e-05
30,78,19,326,7074,1735,1.5124000000000022e-05
30,79,19,323,6802,1671,1.937200000000002e-05
30,80,19,347,7288,1784,1.5188000000000016e-05
30,81,19,326,6314,1561,1.3556000000000007e-05
30,82,19,332,6739,1645,1.4012000000000011e-05
30,83,19,353,5856,1430,1.4356000000000013e-05
30,84,19,336,6662,1639,1.3772000000000008e-05
30,85,19,333,6357,1574,1.4644000000000014e-05
30,86,19,325,6862,1703,1.3828000000000016e-05
30,87,19,391,7268,1761,1.6628000000000028e-05
30,88,19,351,6682,1631,1.5460000000000018e-05
30,89,19,331,6267,1535,1.477200000000002e-05
30,90,19,323,6317,1545,1.4164000000000019e-05
30,91,19,324,6677,1635,1.4436000000000012e-05
30,92,19,357,6808,1670,1.5188000000000016e-05
30,93,19,296,6279,1528,1.3884000000000018e-05
30,94,19,358,7365,1793,1.4212000000000014e-05
30,95,19,333,6701,1627,1.354000000000001e-05
30,96,19,346,6851,1672,1.4084000000000013e-05
30,97,19,347,7209,1761,1.5220000000000015e-05
30,98,19,330,6438,1599,1.662800000000003e-05
30,99,19,287,6305,1527,1.2604000000000003e-05
30,100,19,362,7296,1755,1.4684000000000014e-05
30,101,19,325,6934,1681,1.4164000000000019e-05
30,102,19,321,6525,1591,1.486000000000002e-05
30,103,19,308,6584,1634,1.406800000000002e-05
30,104,19,304,5987,1474,1.2340000000000002e-05
30,105,19,322,7247,1771,1.542000000000003e-05
30,106,19,410,6922,1700,1.6972000000000027e-05
30,107,19,385,7581,1840,1.571600000000003e-05
30,108,19,305,6368,1545,1.4692000000000023e-05
30,109,19,358,7157,1734,1.4388000000000014e-05
30,110,19,321,6524,1590,1.579600000000003e-05
30,111,19,358,7060,1729,1.410000000000001e-05
30,112,19,351,7488,1825,1.577600000000003e-05
30,113,19,323,7055,1724,1.407600000000001e-05
30,114,19,350,6822,1676,1.4868000000000014e-05
30,115,19,357,7313,1781,1.552400000000002e-05
30,116,19,322,7144,1750,1.410000000000001e-05
30,117,19,293,6632,1610,1.3292000000000006e-05
30,118,19,321,6731,1642,1.354000000000001e-05
30,119,19,324,6364,1565,1.4436000000000012e-05
30,120,19,315,6834,1689,1.410000000000001e-05
30,121,19,327,6891,1665,1.383600000000001e-05
30,122,19,351,6730,1649,1.3924000000000016e-05
30,123,19,285,6269,1559,1.2740000000000008e-05
30,124,19,323,6612,1607,1.4436000000000012e-05
30,125,19,400,7041,1720,1.7036000000000028e-05
30,126,19,395,7305,1777,1.6428000000000023e-05
30,127,19,495,6690,1621,1.8703999999999992e-05
30,128,19,390,6980,1719,1.6908000000000025e-05
30,129,19,315,6412,1557,1.410000000000001e-05
30,130,19,329,6755,1654,1.7356000000000035e-05
30,131,19,331,6385,1570,1.4644000000000014e-05
30,132,19,346,7406,1806,1.4684000000000016e-05
30,133,19,355,6343,1568,1.4148000000000014e-05
30,134,14,266,4681,1133,1.2212000000000001e-05
31,0,19,323,6193,1514,1.3236000000000007e-05
31,1,19,447,7829,1903,1.8244000000000024e-05
31,2,19,262,6100,1491,1.1923999999999996e-05
31,3,19,383,7302,1778,1.541200000000002e-05
31,4,19,343,6657,1635,1.4020000000000013e-05
31,5,19,266,6219,1524,1.2692000000000003e-05
31,6,19,350,7572,1847,1.5732000000000028e-05
31,7,19,333,6886,1689,1.3556000000000007e-05
31,8,19,275,6456,1587,1.2812000000000005e-05
31,9,19,453,7114,1714,1.8364000000000023e-05
31,10,19,327,6681,1635,1.3900000000000011e-05
31,11,19,360,7399,1814,1.4452000000000015e-05
31,12,19,352,7370,1798,1.534000000000002e-05
31,13,19,356,7298,1796,1.577600000000003e-05
31,14,19,329,6582,1594,1.4452000000000013e-05
31,15,19,326,6597,1618,1.410000000000001e-05
31,16,19,323,6915,1687,1.3940000000000014e-05
31,17,19,356,7336,1791,1.520400000000002e-05
31,18,19,390,7162,1739,1.550800000000002e-05
31,19,19,356,6487,1606,1.552400000000002e-05
31,20,19,265,6464,1600,1.2848000000000022e-05
31,21,19,345,7256,1776,1.4644000000000014e-05
31,22,19,354,7110,1736,1.5164000000000016e-05
31,23,19,331,7195,1765,1.6052000000000025e-05
31,24,19,325,6595,1621,1.3236000000000007e-05
31,25,19,357,6740,1628,1.4212000000000014e-05
31,26,19,395,6776,1655,1.6972000000000027e-05
31,27,19,322,6563,1599,1.410000000000001e-05
31,28,19,324,6746,1659,1.3060000000000007e-05
31,29,19,303,6513,1616,1.2988000000000005e-05
31,30,19,351,7044,1712,1.4260000000000013e-05
31,31,19,353,6909,1699,1.534000000000002e-05
31,32,19,448,7615,1846,1.8268000000000026e-05
31,33,19,323,5995,1461,1.3060000000000007e-05
31,34,19,355,6776,1654,1.4148000000000014e-05
31,35,19,321,6997,1709,1.4532000000000013e-05
31,36,19,325,6569,1608,1.4924000000000015e-05
31,37,19,353,7413,1803,1.7292000000000034e-05
31,38,19,380,7392,1810,1.5556000000000022e-05
31,39,19,330,6111,1496,1.4532000000000013e-05
31,40,19,395,7289,1770,1.7004000000000026e-05
31,41,19,350,7282,1773,1.570000000000003e-05
31,42,19,327,6538,1582,1.4444000000000013e-05
31,43,19,331,7127,1731,1.4532000000000013e-05
31,44,19,386,6598,1620,1.6052000000000025e-05
31,45,19,344,7015,1710,1.5036000000000015e-05
31,46,19,325,6834,1676,1.4140000000000012e-05
31,47,19,333,6513,1601,1.4108000000000011e-05
31,48,19,345,7203,1744,1.4260000000000013e-05
31,49,19,351,6912,1680,1.4380000000000013e-05
31,50,19,363,6974,1696,1.4684000000000014e-05
31,51,19,323,6092,1502,1.3068000000000006e-05
31,52,19,336,6460,1568,1.5668000000000027e-05
31,53,19,355,7051,1722,1.4356000000000015e-05
31,54,19,346,7672,1873,1.5188000000000016e-05
31,55,19,356,6470,1576,1.4660000000000022e-05
31,56,19,357,6847,1670,1.4388000000000015e-05
31,57,19,349,6243,1532,1.587200000000003e-05
31,58,19,352,6817,1676,1.5460000000000018e-05
31,59,19,291,6495,1596,1.4068000000000015e-05
31,60,19,327,7163,1740,1.4140000000000012e-05
31,61,19,339,6629,1621,1.546800000000002e-05
31,62,19,331,6807,1666,1.3556000000000007e-05
31,63,19,420,6753,1650,1.7404000000000032e-05
31,64,19,319,6748,1660,1.419600000000002e-05
31,65,19,288,6566,1603,1.410000000000002e-05
31,66,19,309,7198,1765,1.4324000000000012e-05
31,67,19,352,6780,1672,1.534000000000002e-05
31,68,19,332,7038,1708,1.4260000000000011e-05
31,69,19,397,7637,1875,1.633200000000003e-05
31,70,19,358,6749,1651,1.4212000000000014e-05
31,71,19,324,6580,1593,1.3236000000000007e-05
31,72,19,385,6780,1651,1.543600000000002e-05
31,73,19,327,6608,1628,1.8468000000000027e-05
31,74,19,369,7487,1823,1.570800000000002e-05
31,75,19,363,6597,1624,1.4356000000000011e-05
31,76,19,359,6595,1631,1.4620000000000014e-05
31,77,19,324,7107,1726,1.403600000000001e-05
31,78,19,306,6308,1550,1.3652000000000008e-05
31,79,19,320,6200,1520,1.4068000000000015e-05
31,80,19,362,6923,1683,1.4716000000000013e-05
31,81,19,364,6659,1626,1.4716000000000013e-05
31,82,19,316,6914,1688,1.410000000000001e-05
31,83,19,393,7036,1703,1.6428000000000023e-05
31,84,19,319,6338,1548,1.3292000000000006e-05
31,85,19,341,6999,1704,1.5412000000000018e-05
31,86,19,292,6177,1526,1.3716000000000009e-05
31,87,19,317,7341,1775,1.520400000000002e-05
31,88,19,331,6587,1623,1.4532000000000013e-05
31,89,19,322,6953,1683,1.6052000000000025e-05
31,90,19,343,7283,1771,1.5036000000000015e-05
31,91,19,331,6905,1675,1.3292000000000006e-05
31,92,19,274,6333,1550,1.406800000000002e-05
31,93,19,340,6947,1691,1.647600000000003e-05
31,94,19,313,6343,1538,1.4420000000000013e-05
31,95,19,354,6897,1687,1.4436000000000012e-05
31,96,19,347,6841,1672,1.680000000000002e-05
31,97,19,327,6908,1685,1.406800000000001e-05
31,98,19,337,6867,1672,1.5348000000000016e-05
31,99,19,383,6790,1660,1.541200000000002e-05
31,100,19,331,7040,1736,1.3556000000000014e-05
31,101,19,356,6725,1650,1.4324000000000014e-05
31,102,19,327,6802,1655,1.4444000000000013e-05
31,103,19,315,6343,1575,1.410000000000001e-05
31,104,19,266,6248,1530,1.5276000000000025e-05
31,105,19,334,6268,1533,1.3692000000000009e-05
31,106,19,318,6157,1511,1.4564000000000022e-05
31,107,19,325,6381,1563,1.5372000000000025e-05
31,108,19,357,7347,1799,1.4980000000000016e-05
31,109,19,388,7184,1747,1.4872000000000031e-05
31,110,19,332,6542,1614,1.3684000000000008e-05
31,111,19,301,6034,1468,1.4224000000000032e-05
31,112,19,355,7330,1797,1.552400000000002e-05
31,113,19,360,7056,1714,1.6132000000000035e-05
31,114,19,356,7837,1897,1.552400000000002e-05
31,115,19,323,6155,1500,1.372400000000001e-05
31,116,19,302,6151,1494,1.3556000000000007e-05
31,117,19,327,7010,1707,1.4644000000000021e-05
31,118,19,328,7568,1838,1.410000000000001e-05
31,119,19,458,7885,1925,1.860400000000002e-05
31,120,19,322,6877,1679,1.3236000000000007e-05
31,121,19,357,6855,1680,1.4564000000000013e-05
31,122,19,347,6908,1684,1.4260000000000013e-05
31,123,19,416,7057,1706,1.6356000000000024e-05
31,124,19,294,6156,1505,1.3780000000000009e-05
31,125,19,286,6497,1574,1.3452000000000008e-05
31,126,19,386,6815,1666,1.6612000000000027e-05
31,127,19,305,6846,1661,1.2884000000000006e-05
31,128,19,324,6661,1619,1.4436000000000012e-05
31,129,19,365,7188,1749,1.4780000000000014e-05
31,130,19,428,6401,1577,1.6464000000000017e-05
31,131,19,291,6642,1617,1.2508000000000003e-05
31,132,19,360,7023,1702,1.5076000000000016e-05
31,133,19,350,6605,1612,1.528400000000002e-05
31,134,14,326,4907,1218,1.3156000000000006e-05
32,0,19,340,6430,1572,1.372400000000001e-05
32,1,19,327,6468,1569,1.3332000000000007e-05
32,2,19,371,6923,1676,1.774400000000001e-05
32,3,19,351,6955,1699,1.5460000000000018e-05
32,4,19,324,6920,1701,1.5460000000000028e-05
32,5,19,334,6780,1653,1.8508000000000027e-05
32,6,19,357,7110,1746,1.4212000000000014e-05
32,7,19,350,6954,1695,1.4260000000000013e-05
32,8,19,355,6814,1656,1.4356000000000015e-05
32,9,19,324,6586,1619,1.587200000000003e-05
32,10,19,355,7290,1769,1.5588000000000028e-05
32,11,19,351,6246,1527,1.5164000000000016e-05
32,12,19,360,6819,1672,1.4924000000000015e-05
32,13,19,321,7104,1732,1.560000000000003e-05
32,14,19,477,7638,1840,1.8500000000000023e-05
32,15,19,327,6530,1591,1.4580000000000013e-05
32,16,19,349,6974,1694,1.4116000000000014e-05
32,17,19,351,7265,1768,1.4084000000000013e-05
32,18,19,326,6863,1666,1.4100000000000016e-05
32,19,19,316,7202,1747,1.410000000000001e-05
32,20,19,327,6460,1592,1.4172000000000011e-05
32,21,19,300,6118,1505,1.3556000000000007e-05
32,22,19,352,7540,1841,1.662800000000003e-05
32,23,19,316,6225,1532,1.410000000000001e-05
32,24,19,350,7209,1752,1.560000000000003e-05
32,25,19,282,6654,1640,1.4340000000000017e-05
32,26,19,326,6857,1679,1.3172000000000005e-05
32,27,19,328,6929,1707,1.3156000000000006e-05
32,28,19,366,6112,1506,1.4320000000000027e-05
32,29,19,323,6898,1687,1.354000000000001e-05
32,30,19,336,6784,1674,1.4260000000000011e-05
32,31,19,386,6926,1680,1.6612000000000027e-05
32,32,19,322,6662,1626,1.6356000000000028e-05
32,33,19,323,6977,1701,1.4108000000000011e-05
32,34,19,383,6730,1667,1.6428000000000023e-05
32,35,19,313,6883,1683,1.3740000000000009e-05
32,36,19,332,7323,1785,1.4644000000000021e-05
32,37,19,326,7119,1747,1.3556000000000014e-05
32,38,19,330,7180,1759,1.3684000000000008e-05
32,39,19,416,6936,1667,1.6500000000000025e-05
32,40,19,335,6572,1604,1.4324000000000012e-05
32,41,19,270,6258,1533,1.2876000000000005e-05
32,42,19,332,6827,1671,1.4564000000000013e-05
32,43,19,351,7014,1719,1.5276000000000018e-05
32,44,19,301,6351,1573,1.4164000000000019e-05
32,45,19,323,6810,1676,1.406800000000002e-05
32,46,19,334,6600,1618,1.4140000000000012e-05
32,47,19,302,6734,1636,1.3420000000000007e-05
32,48,19,348,6585,1625,1.4260000000000013e-05
32,49,19,357,6852,1685,1.5460000000000018e-05
32,50,19,324,7167,1750,1.4140000000000012e-05
32,51,19,355,7140,1730,1.577600000000003e-05
32,52,19,331,6304,1554,1.3596000000000008e-05
32,53,19,386,6662,1614,1.552400000000002e-05
32,54,19,384,6968,1683,1.8736e-05
32,55,19,354,7195,1747,1.5628000000000024e-05
32,56,19,360,7228,1754,1.562000000000002e-05
32,57,19,326,6279,1536,1.4436000000000012e-05
32,58,19,358,6505,1590,1.542800000000002e-05
32,59,19,339,6716,1630,1.546800000000002e-05
32,60,19,315,6774,1658,1.4476000000000012e-05
32,61,19,389,6782,1641,1.5252000000000018e-05
32,62,19,360,7376,1789,1.6020000000000023e-05
32,63,19,386,7551,1821,1.5508000000000018e-05
32,64,19,362,6451,1574,1.4452000000000015e-05
32,65,19,353,6625,1624,1.4148000000000014e-05
32,66,19,326,6874,1678,1.5668000000000027e-05
32,67,19,358,7331,1798,1.4620000000000014e-05
32,68,19,326,7221,1768,1.4140000000000012e-05
32,69,19,379,7136,1739,1.7364000000000036e-05
32,70,19,326,6190,1507,1.3332000000000007e-05
32,71,19,329,6674,1644,1.587200000000003e-05
32,72,19,326,6893,1672,1.569600000000003e-05
32,73,19,326,6881,1677,1.360400000000001e-05
32,74,19,300,6413,1562,1.5452000000000028e-05
32,75,19,348,6629,1616,1.4436000000000012e-05
32,76,19,350,7540,1816,1.4268000000000013e-05
32,77,19,319,6596,1619,1.419600000000002e-05
32,78,19,348,6359,1568,1.4260000000000013e-05
32,79,19,331,8031,1921,1.488400000000002e-05
32,80,19,326,6742,1651,1.4436000000000012e-05
32,81,19,352,6944,1684,1.4148000000000014e-05
32,82,19,277,6572,1629,1.623600000000003e-05
32,83,19,323,6408,1576,1.358000000000001e-05
32,84,19,316,6922,1701,1.4340000000000017e-05
32,85,19,330,7626,1846,1.4228000000000012e-05
32,86,19,326,6978,1697,1.378800000000001e-05
32,87,19,350,6756,1664,1.5460000000000018e-05
32,88,19,336,7087,1733,1.5348000000000016e-05
32,89,19,356,6713,1631,1.4980000000000016e-05
32,90,19,297,6373,1582,1.4188000000000016e-05
32,91,19,339,6786,1668,1.372400000000001e-05
32,92,19,274,6216,1523,1.3172000000000005e-05
32,93,19,353,6671,1632,1.5300000000000023e-05
32,94,19,378,6504,1597,1.636400000000002e-05
32,95,19,355,7001,1690,1.5228000000000018e-05
32,96,19,352,7339,1775,1.4796000000000016e-05
32,97,19,375,6587,1612,2.0028000000000016e-05
32,98,19,352,6760,1658,1.4148000000000014e-05
32,99,19,349,6850,1684,1.5100000000000016e-05
32,100,19,359,6622,1625,1.6928000000000018e-05
32,101,19,328,6835,1660,1.4436000000000012e-05
32,102,19,351,6873,1673,1.680000000000002e-05
32,103,19,348,6895,1680,1.569600000000003e-05
32,104,19,342,7029,1702,1.5036000000000015e-05
32,105,19,325,6292,1538,1.3236000000000007e-05
32,106,19,318,6413,1577,1.4564000000000022e-05
32,107,19,323,7116,1749,1.4004000000000019e-05
32,108,19,322,6285,1556,1.3204000000000006e-05
32,109,19,362,6532,1602,1.5036000000000015e-05
32,110,19,394,7055,1707,1.6428000000000023e-05
32,111,19,352,6616,1613,1.4324000000000014e-05
32,112,19,371,6594,1598,1.4812000000000017e-05
32,113,19,324,6140,1499,1.3828000000000016e-05
32,114,19,331,6359,1559,1.3364000000000008e-05
32,115,19,325,7034,1708,1.4140000000000012e-05
32,116,19,324,6384,1564,1.4436000000000012e-05
32,117,19,329,6922,1679,1.4532000000000013e-05
32,118,19,330,6677,1640,1.3740000000000009e-05
32,119,19,332,7092,1733,1.4644000000000014e-05
32,120,19,356,6453,1567,1.5668000000000027e-05
32,121,19,398,7541,1843,1.6524000000000023e-05
32,122,19,425,7757,1876,1.6168000000000025e-05
32,123,19,365,6938,1686,1.4748000000000015e-05
32,124,19,271,6085,1504,1.2876000000000005e-05
32,125,19,326,7062,1729,1.4436000000000012e-05
32,126,19,334,7033,1719,1.4644000000000014e-05
32,127,19,387,6875,1683,1.5508000000000018e-05
32,128,19,330,6667,1618,1.3236000000000007e-05
32,129,19,313,7072,1725,1.5252000000000023e-05
32,130,19,349,6837,1673,1.4748000000000015e-05
32,131,19,324,6285,1542,1.4436000000000012e-05
32,132,19,349,7415,1811,1.5548000000000028e-05
32,133,19,390,6431,1571,1.530000000000002e-05
32,134,14,309,4775,1172,1.2972000000000004e-05
33,0,19,363,7013,1714,1.573200000000002e-05
33,1,19,315,6267,1546,1.449200000000002e-05
33,2,19,324,6949,1693,1.5388000000000023e-05
33,3,19,347,7130,1740,1.5188000000000016e-05
33,4,19,353,6631,1644,1.3864000000000025e-05
33,5,19,301,6755,1640,1.430400000000003e-05
33,6,19,387,6996,1707,1.5048000000000033e-05
33,7,19,396,6622,1624,1.6428000000000023e-05
33,8,19,328,6586,1612,1.359600000000001e-05
33,9,19,286,6760,1649,1.4740000000000022e-05
33,10,19,363,6524,1600,1.4684000000000014e-05
33,11,19,319,7019,1701,1.383600000000001e-05
33,12,19,392,7040,1696,1.6940000000000028e-05
33,13,19,340,6958,1695,1.4580000000000018e-05
33,14,19,351,6354,1558,1.509200000000002e-05
33,15,19,302,6906,1671,1.4564000000000022e-05
33,16,19,326,6877,1677,1.410000000000001e-05
33,17,19,344,6790,1672,1.4284000000000013e-05
33,18,19,265,5838,1428,1.2812000000000005e-05
33,19,19,302,6508,1606,1.3556000000000007e-05
33,20,19,322,6673,1628,1.410000000000001e-05
33,21,19,332,7203,1750,1.560000000000003e-05
33,22,19,377,6997,1700,1.570000000000002e-05
33,23,19,319,6448,1575,1.3036000000000005e-05
33,24,19,363,7058,1714,1.4224000000000027e-05
33,25,19,330,6386,1554,1.4532000000000013e-05
33,26,19,358,6703,1639,1.552400000000002e-05
33,27,19,356,6884,1676,1.5556000000000022e-05
33,28,19,330,6855,1675,1.4436000000000012e-05
33,29,19,317,6828,1670,1.4228000000000017e-05
33,30,19,358,6916,1696,1.3960000000000026e-05
33,31,19,353,6882,1683,1.3688000000000025e-05
33,32,19,328,6312,1524,1.363600000000001e-05
33,33,19,320,6487,1590,1.3556000000000014e-05
33,34,19,325,6877,1668,1.3060000000000007e-05
33,35,19,389,6466,1580,1.8639999999999998e-05
33,36,19,386,7058,1706,1.541200000000002e-05
33,37,19,342,6915,1698,1.5036000000000015e-05
33,38,19,358,6807,1656,1.3708000000000013e-05
33,39,19,355,6678,1622,1.6228000000000035e-05
33,40,19,332,6670,1633,1.4564000000000013e-05
33,41,19,333,7685,1858,1.407600000000001e-05
33,42,19,327,7000,1714,1.5396000000000027e-05
33,43,19,345,7156,1745,1.4644000000000014e-05
33,44,19,282,6525,1606,1.2844000000000004e-05
33,45,19,361,7262,1776,1.5724000000000024e-05
33,46,19,326,6574,1608,1.4108000000000011e-05
33,47,19,395,7217,1759,1.6972000000000027e-05
33,48,19,328,6273,1544,1.3156000000000006e-05
33,49,19,390,7076,1745,1.6908000000000025e-05
33,50,19,351,6645,1623,1.4260000000000013e-05
33,51,19,322,6699,1634,1.577600000000003e-05
33,52,19,396,7235,1756,1.6820000000000025e-05
33,53,19,405,7291,1764,1.7332000000000027e-05
33,54,19,296,6055,1474,1.2148e-05
33,55,19,353,7238,1751,1.4532000000000013e-05
33,56,19,355,7026,1706,1.716800000000002e-05
33,57,19,367,6580,1606,1.4780000000000014e-05
33,58,19,332,6502,1581,1.366800000000001e-05
33,59,19,328,6460,1579,1.4012000000000011e-05
33,60,19,356,7156,1747,1.7740000000000033e-05
33,61,19,321,6371,1584,1.4300000000000017e-05
33,62,19,290,6194,1509,1.3292000000000006e-05
33,63,19,353,6727,1645,1.4156000000000013e-05
33,64,19,334,6603,1609,1.4836000000000024e-05
33,65,19,376,6980,1705,1.6244000000000023e-05
33,66,19,294,6392,1563,1.3780000000000009e-05
33,67,19,325,6784,1665,1.577600000000003e-05
33,68,19,332,7024,1709,1.6236000000000025e-05
33,69,19,394,7126,1742,1.577200000000002e-05
33,70,19,364,6816,1666,1.5652000000000022e-05
33,71,19,315,6824,1660,1.406800000000002e-05
33,72,19,358,7248,1769,1.7264000000000016e-05
33,73,19,370,6770,1639,1.4352000000000028e-05
33,74,19,313,7047,1722,1.3740000000000009e-05
33,75,19,341,7373,1793,1.5036000000000015e-05
33,76,19,344,6846,1679,1.553200000000002e-05
33,77,19,296,6112,1490,1.2548000000000003e-05
33,78,19,376,6953,1707,1.4980000000000021e-05
33,79,19,322,6683,1637,1.3172000000000005e-05
33,80,19,348,6153,1523,1.4260000000000013e-05
33,81,19,340,6975,1702,1.410000000000001e-05
33,82,19,390,7043,1710,1.6364000000000025e-05
33,83,19,339,6743,1662,1.3804000000000014e-05
33,84,19,341,7347,1801,1.716400000000003e-05
33,85,19,355,7266,1779,1.4980000000000016e-05
33,86,19,323,6559,1580,1.3060000000000007e-05
33,87,19,323,6667,1632,1.3236000000000007e-05
33,88,19,324,7062,1725,1.4228000000000012e-05
33,89,19,358,6717,1650,1.4620000000000014e-05
33,90,19,319,6695,1630,1.3900000000000011e-05
33,91,19,353,7321,1784,1.534000000000002e-05
33,92,19,265,6193,1518,1.2276e-05
33,93,19,328,6309,1557,1.3716000000000009e-05
33,94,19,387,6328,1546,1.5548000000000028e-05
33,95,19,387,7020,1724,1.678000000000003e-05
33,96,19,330,6716,1630,1.410000000000001e-05
33,97,19,326,6775,1653,1.3132000000000007e-05
33,98,19,344,6886,1684,1.547600000000002e-05
33,99,19,323,6421,1569,1.3556000000000007e-05
33,100,19,331,6603,1614,1.3876000000000009e-05
33,101,19,333,6348,1568,1.4644000000000014e-05
33,102,19,298,6273,1559,1.3548000000000008e-05
33,103,19,394,6813,1674,1.536400000000002e-05
33,104,19,393,7064,1710,1.552400000000002e-05
33,105,19,323,6744,1656,1.4164000000000019e-05
33,106,19,304,6687,1642,1.406800000000002e-05
33,107,19,380,6820,1663,1.5172000000000018e-05
33,108,19,361,7354,1791,1.4276000000000015e-05
33,109,19,357,6969,1681,1.5708000000000026e-05
33,110,19,296,6657,1632,1.3580000000000007e-05
33,111,19,332,6825,1667,1.485200000000002e-05
33,112,19,351,7138,1749,1.598400000000003e-05
33,113,19,384,6879,1664,1.6300000000000024e-05
33,114,19,321,6856,1694,1.410000000000001e-05
33,115,19,345,7147,1740,1.4900000000000015e-05
33,116,19,316,6418,1564,1.4032000000000031e-05
33,117,19,301,6765,1653,1.488400000000002e-05
33,118,19,397,6808,1665,1.586800000000002e-05
33,119,19,351,6917,1707,1.5188000000000016e-05
33,120,19,341,6814,1643,1.6148000000000026e-05
33,121,19,270,5967,1473,1.2396e-05
33,122,19,359,6926,1700,1.4420000000000014e-05
33,123,19,293,6464,1568,1.3356000000000007e-05
33,124,19,361,7384,1814,1.566800000000002e-05
33,125,19,324,6884,1685,1.3556000000000007e-05
33,126,19,315,6792,1659,1.4012000000000011e-05
33,127,19,358,6887,1687,1.478800000000002e-05
33,128,19,324,6892,1686,1.3796000000000015e-05
33,129,19,385,6784,1653,1.4952000000000032e-05
33,130,19,370,6706,1633,1.4812000000000017e-05
33,131,19,358,7048,1706,1.5908000000000025e-05
33,132,19,295,5762,1425,1.2628000000000003e-05
33,133,19,324,6741,1640,1.4868000000000014e-05
33,134,14,351,5066,1246,1.5196000000000017e-05
34,0,19,358,7295,1779,1.4244000000000013e-05
34,1,19,389,6906,1696,1.6724000000000035e-05
34,2,19,302,6417,1570,1.4884000000000022e-05
34,3,19,326,6359,1560,1.3556000000000007e-05
34,4,19,380,7099,1739,1.4712000000000031e-05
34,5,19,358,6923,1684,1.4420000000000013e-05
34,6,19,345,7121,1730,1.5508000000000018e-05
34,7,19,349,6543,1600,1.4084000000000013e-05
34,8,19,395,6701,1625,1.6580000000000028e-05
34,9,19,358,6587,1613,1.473200000000002e-05
34,10,19,332,6731,1663,1.3676000000000008e-05
34,11,19,328,7157,1748,1.360400000000001e-05
34,12,19,332,6656,1610,1.3828000000000016e-05
34,13,19,298,6775,1662,1.2628000000000003e-05
34,14,19,284,6443,1564,1.2652000000000002e-05
34,15,19,327,6682,1644,1.478800000000002e-05
34,16,19,366,7003,1698,1.4748000000000015e-05
34,17,19,324,6250,1530,1.3060000000000007e-05
34,18,19,326,6242,1531,1.3332000000000007e-05
34,19,19,313,6355,1554,1.4444000000000013e-05
34,20,19,328,6025,1478,1.486000000000002e-05
34,21,19,353,7072,1738,1.473200000000002e-05
34,22,19,355,6550,1598,1.4148000000000014e-05
34,23,19,332,6645,1631,1.3332000000000007e-05
34,24,19,354,7394,1799,1.4148000000000014e-05
34,25,19,390,7396,1803,1.6164000000000023e-05
34,26,19,330,6573,1618,1.3596000000000008e-05
34,27,19,284,6441,1574,1.5764000000000027e-05
34,28,19,272,5806,1436,1.3948000000000013e-05
34,29,19,263,6371,1560,1.4100000000000016e-05
34,30,19,325,6454,1588,1.478800000000002e-05
34,31,19,322,6908,1689,1.3676000000000008e-05
34,32,19,341,6610,1636,1.5452000000000028e-05
34,33,19,354,7124,1754,1.560000000000003e-05
34,34,19,344,7363,1787,1.4140000000000014e-05
34,35,19,283,6182,1531,1.2652000000000002e-05
34,36,19,354,6917,1685,1.4620000000000014e-05
34,37,19,322,6809,1663,1.3060000000000007e-05
34,38,19,326,6953,1690,1.3956000000000015e-05
34,39,19,333,6167,1516,1.4564000000000013e-05
34,40,19,355,6344,1545,1.3864000000000025e-05
34,41,19,335,6555,1611,1.3692000000000009e-05
34,42,19,357,7006,1692,1.4532000000000013e-05
34,43,19,318,6429,1577,1.5452000000000028e-05
34,44,19,326,6434,1573,1.4172000000000011e-05
34,45,19,390,7140,1751,1.6364000000000025e-05
34,46,19,321,6448,1565,1.3420000000000007e-05
34,47,19,346,6786,1666,1.5452000000000028e-05
34,48,19,298,6507,1586,1.2796000000000004e-05
34,49,19,336,6536,1622,1.6144000000000024e-05
34,50,19,308,6745,1651,1.4380000000000011e-05
34,51,19,326,7038,1721,1.3876000000000009e-05
34,52,19,358,6600,1590,1.478800000000002e-05
34,53,19,357,6714,1639,1.4892000000000014e-05
34,54,19,370,6566,1619,1.6928000000000018e-05
34,55,19,336,6528,1619,1.3692000000000009e-05
34,56,19,328,6563,1587,1.4228000000000012e-05
34,57,19,329,6836,1677,1.4532000000000013e-05
34,58,19,302,7117,1755,1.3556000000000007e-05
34,59,19,353,7146,1747,1.4324000000000014e-05
34,60,19,349,6642,1633,1.4020000000000013e-05
34,61,19,324,6689,1642,1.4068000000000015e-05
34,62,19,335,6842,1668,1.4012000000000011e-05
34,63,19,346,7002,1701,1.520400000000002e-05
34,64,19,386,7192,1736,1.544400000000002e-05
34,65,19,376,7295,1775,1.6564000000000026e-05
34,66,19,318,6912,1686,1.4012000000000011e-05
34,67,19,325,6979,1693,1.366000000000001e-05
34,68,19,376,7025,1726,1.6244000000000023e-05
34,69,19,327,6903,1678,1.5316000000000024e-05
34,70,19,332,6935,1692,1.3596000000000008e-05
34,71,19,322,6504,1613,1.429200000000002e-05
34,72,19,377,6837,1660,1.4636000000000017e-05
34,73,19,328,6454,1593,1.4532000000000013e-05
34,74,19,327,6887,1696,1.6228000000000025e-05
34,75,19,346,7165,1740,1.4644000000000014e-05
34,76,19,340,6838,1669,1.4772000000000015e-05
34,77,19,361,6452,1567,1.4684000000000014e-05
34,78,19,317,6987,1705,1.621200000000003e-05
34,79,19,347,6778,1668,1.4084000000000013e-05
34,80,19,385,7531,1827,1.6612000000000027e-05
34,81,19,350,6962,1696,1.549200000000002e-05
34,82,19,330,6321,1545,1.5888000000000035e-05
34,83,19,320,6342,1553,1.4108000000000011e-05
34,84,19,333,7068,1722,1.3364000000000008e-05
34,85,19,299,7052,1740,1.4604000000000016e-05
34,86,19,417,6998,1717,1.6612000000000027e-05
34,87,19,331,6472,1577,1.3596000000000008e-05
34,88,19,439,7454,1824,1.7908000000000026e-05
34,89,19,262,6293,1537,1.623600000000003e-05
34,90,19,352,7574,1839,1.5628000000000024e-05
34,91,19,385,6574,1608,1.6612000000000027e-05
34,92,19,392,7872,1902,1.5312000000000032e-05
34,93,19,386,7513,1824,1.633200000000003e-05
34,94,19,356,6970,1708,1.552400000000002e-05
34,95,19,328,7141,1731,1.3716000000000009e-05
34,96,19,353,7034,1735,1.4812000000000017e-05
34,97,19,283,6416,1568,1.3652000000000014e-05
34,98,19,371,6780,1651,1.5124000000000015e-05
34,99,19,332,6724,1631,1.4204000000000012e-05
34,100,19,299,6355,1550,1.2580000000000003e-05
34,101,19,320,6431,1566,1.3508000000000009e-05
34,102,19,322,6876,1678,1.359600000000001e-05
34,103,19,358,6605,1615,1.3960000000000026e-05
34,104,19,327,6427,1586,1.5580000000000027e-05
34,105,19,296,6752,1638,1.3572000000000008e-05
34,106,19,326,7189,1751,1.4140000000000012e-05
34,107,19,362,6730,1641,1.4684000000000014e-05
34,108,19,388,6912,1696,1.543600000000002e-05
34,109,19,360,6778,1668,1.566800000000002e-05
34,110,19,322,6679,1621,1.3652000000000008e-05
34,111,19,331,6425,1572,1.3596000000000008e-05
34,112,19,324,6960,1686,1.357200000000001e-05
34,113,19,317,6847,1653,1.4596000000000012e-05
34,114,19,317,7010,1701,1.384400000000001e-05
34,115,19,325,6148,1502,1.4436000000000012e-05
34,116,19,331,6721,1656,1.6956000000000032e-05
34,117,19,351,6749,1661,1.5196000000000017e-05
34,118,19,384,6776,1649,1.523600000000002e-05
34,119,19,456,7787,1895,1.860400000000002e-05
34,120,19,328,6962,1700,1.3708000000000013e-05
34,121,19,344,7342,1781,1.6148000000000026e-05
34,122,19,330,6599,1622,1.3596000000000008e-05
34,123,19,323,7057,1722,1.3412000000000013e-05
34,124,19,325,6866,1683,1.4228000000000012e-05
34,125,19,315,6462,1603,1.410000000000001e-05
34,126,19,324,6595,1615,1.4196000000000011e-05
34,127,19,339,6811,1663,1.372400000000001e-05
34,128,19,323,6608,1623,1.393200000000001e-05
34,129,19,323,6760,1655,1.478800000000002e-05
34,130,19,317,6618,1629,1.410000000000001e-05
34,131,19,277,6628,1623,1.3292000000000006e-05
34,132,19,324,6899,1671,1.4012000000000011e-05
34,133,19,331,6763,1672,1.6048000000000027e-05
34,134,14,422,5275,1287,1.7996000000000026e-05
35,0,19,354,6958,1708,1.6324000000000025e-05
35,1,19,345,7011,1717,1.4644000000000014e-05
35,2,19,329,6506,1585,1.4452000000000013e-05
35,3,19,357,7660,1866,1.546000000000002e-05
35,4,19,322,6496,1596,1.5180000000000022e-05
35,5,19,378,6551,1601,1.4712000000000031e-05
35,6,19,317,6416,1583,1.410000000000001e-05
35,7,19,329,7348,1771,1.4140000000000012e-05
35,8,19,321,6574,1615,1.407600000000001e-05
35,9,19,360,6407,1575,1.554000000000002e-05
35,10,19,357,7226,1749,1.595600000000002e-05
35,11,19,348,6917,1683,1.6892000000000034e-05
35,12,19,307,6999,1712,1.396400000000001e-05
35,13,19,302,6588,1630,1.3460000000000007e-05
35,14,19,322,6472,1592,1.3292000000000006e-05
35,15,19,363,7159,1735,1.5652000000000022e-05
35,16,19,261,6177,1499,1.4100000000000016e-05
35,17,19,333,6815,1669,1.4676000000000013e-05
35,18,19,353,7004,1717,1.5164000000000016e-05
35,19,19,414,6768,1650,1.586400000000003e-05
35,20,19,395,7589,1856,1.6972000000000027e-05
35,21,19,360,6702,1639,1.4388000000000015e-05
35,22,19,305,6226,1519,1.2828000000000005e-05
35,23,19,319,7100,1715,1.4196000000000011e-05
35,24,19,352,6729,1646,1.560000000000003e-05
35,25,19,323,7128,1747,1.4476000000000012e-05
35,26,19,327,6755,1658,1.3356000000000007e-05
35,27,19,447,6946,1691,1.7424000000000005e-05
35,28,19,336,7163,1745,1.4740000000000015e-05
35,29,19,348,6110,1488,1.5100000000000016e-05
35,30,19,332,6673,1644,1.3652000000000014e-05
35,31,19,321,6717,1644,1.5276000000000025e-05
35,32,19,367,7020,1689,1.4320000000000027e-05
35,33,19,411,6874,1672,1.5976000000000025e-05
35,34,19,303,6876,1679,1.3556000000000007e-05
35,35,19,358,6842,1668,1.4212000000000014e-05
35,36,19,326,6519,1590,1.3716000000000009e-05
35,37,19,340,7511,1832,1.4772000000000015e-05
35,38,19,354,6318,1549,1.4324000000000014e-05
35,39,19,333,6745,1652,1.4164000000000019e-05
35,40,19,368,7287,1770,1.4780000000000014e-05
35,41,19,332,6859,1666,1.4532000000000013e-05
35,42,19,295,6890,1691,1.2908000000000006e-05
35,43,19,329,6813,1677,1.396400000000001e-05
35,44,19,355,6704,1651,1.5556000000000022e-05
35,45,19,331,6745,1636,1.672400000000003e-05
35,46,19,324,6373,1562,1.4228000000000012e-05
35,47,19,336,6782,1647,1.5300000000000023e-05
35,48,19,361,6574,1610,1.7168000000000016e-05
35,49,19,455,7088,1730,1.7980000000000024e-05
35,50,19,315,6487,1584,1.410000000000001e-05
35,51,19,392,6798,1667,1.6972000000000027e-05
35,52,19,353,6333,1559,1.4180000000000013e-05
35,53,19,281,6737,1663,1.3252000000000013e-05
35,54,19,325,6446,1583,1.4436000000000012e-05
35,55,19,356,7090,1722,1.5100000000000016e-05
35,56,19,325,6722,1645,1.6956000000000032e-05
35,57,19,332,6933,1698,1.4012000000000011e-05
35,58,19,325,7007,1688,1.390800000000001e-05
35,59,19,342,7194,1754,1.5124000000000015e-05
35,60,19,333,7108,1741,1.4644000000000014e-05
35,61,19,351,7611,1853,1.528400000000002e-05
35,62,19,323,7470,1819,1.3716000000000009e-05
35,63,19,332,6944,1691,1.5052000000000016e-05
35,64,19,302,6972,1710,1.3556000000000007e-05
35,65,19,322,7008,1704,1.3828000000000016e-05
35,66,19,386,6884,1665,1.623600000000003e-05
35,67,19,357,6479,1582,1.4980000000000016e-05
35,68,19,350,7494,1825,1.6048000000000027e-05
35,69,19,309,6253,1546,1.3684000000000008e-05
35,70,19,333,6932,1694,1.4676000000000013e-05
35,71,19,301,6308,1542,1.3332000000000006e-05
35,72,19,370,7237,1776,1.5028000000000016e-05
35,73,19,304,6723,1650,1.3908000000000012e-05
35,74,19,325,6829,1676,1.4100000000000016e-05
35,75,19,328,6807,1669,1.449200000000002e-05
35,76,19,326,6770,1644,1.4012000000000011e-05
35,77,19,351,6664,1609,1.5196000000000017e-05
35,78,19,295,6137,1505,1.406800000000002e-05
35,79,19,353,7221,1750,1.5548000000000028e-05
35,80,19,309,6559,1600,1.4324000000000012e-05
35,81,19,302,6454,1582,1.2652000000000002e-05
35,82,19,364,7334,1786,1.5652000000000022e-05
35,83,19,323,6419,1579,1.577600000000003e-05
35,84,19,324,6970,1699,1.4012000000000011e-05
35,85,19,296,6177,1514,1.3708000000000013e-05
35,86,19,316,6615,1638,1.4012000000000011e-05
35,87,19,296,6119,1507,1.4644000000000021e-05
35,88,19,354,6844,1668,1.4644000000000014e-05
35,89,19,356,6957,1690,1.4980000000000016e-05
35,90,19,327,6546,1604,1.354000000000001e-05
35,91,19,352,7091,1718,1.579600000000003e-05
35,92,19,353,6889,1689,1.4148000000000014e-05
35,93,19,347,6801,1640,1.5220000000000015e-05
35,94,19,332,7027,1709,1.3228000000000008e-05
35,95,19,328,7051,1720,1.7868000000000033e-05
35,96,19,324,6687,1642,1.3924000000000016e-05
35,97,19,325,7105,1735,1.5124000000000022e-05
35,98,19,302,6432,1573,1.486000000000002e-05
35,99,19,327,6780,1650,1.4140000000000012e-05
35,100,19,362,6964,1693,1.8868000000000023e-05
35,101,19,335,6748,1659,1.4260000000000011e-05
35,102,19,331,7118,1726,1.590400000000003e-05
35,103,19,278,6649,1639,1.264000000000002e-05
35,104,19,376,7027,1716,1.5156000000000015e-05
35,105,19,325,6628,1624,1.3892000000000009e-05
35,106,19,391,7224,1761,1.6908000000000025e-05
35,107,19,328,6764,1640,1.3300000000000006e-05
35,108,19,299,6948,1704,1.3148000000000007e-05
35,109,19,375,6838,1674,1.522800000000002e-05
35,110,19,313,6309,1541,1.4444000000000013e-05
35,111,19,359,6739,1646,1.675200000000002e-05
35,112,19,314,6357,1556,1.410000000000001e-05
35,113,19,386,7202,1737,1.526800000000002e-05
35,114,19,395,6912,1686,1.6972000000000027e-05
35,115,19,380,6841,1682,1.4712000000000031e-05
35,116,19,348,6825,1675,1.4260000000000013e-05
35,117,19,384,7139,1738,1.541200000000002e-05
35,118,19,301,6332,1551,1.2580000000000003e-05
35,119,19,330,7003,1697,1.590400000000003e-05
35,120,19,326,6487,1584,1.3708000000000013e-05
35,121,19,357,6841,1664,1.5660000000000023e-05
35,122,19,354,7231,1752,1.4324000000000014e-05
35,123,19,388,7323,1790,1.570800000000002e-05
35,124,19,354,7183,1750,1.552400000000002e-05
35,125,19,315,6504,1592,1.4196000000000016e-05
35,126,19,357,6943,1695,1.3676000000000011e-05
35,127,19,294,6365,1560,1.348400000000001e-05
35,128,19,361,7496,1813,1.7748000000000034e-05
35,129,19,326,6664,1612,1.3332000000000007e-05
35,130,19,347,7042,1717,1.4780000000000014e-05
35,131,19,373,7099,1730,1.570800000000002e-05
35,132,19,358,7375,1784,1.4220000000000015e-05
35,133,19,296,6482,1594,1.3052000000000006e-05
35,134,14,305,4999,1226,1.3180000000000008e-05
36,0,19,345,7034,1711,1.5508000000000018e-05
36,1,19,349,6766,1647,1.5668000000000027e-05
36,2,19,394,7405,1794,1.6428000000000023e-05
36,3,19,322,6598,1594,1.4140000000000017e-05
36,4,19,308,6622,1627,1.403600000000001e-05
36,5,19,330,7197,1747,1.360400000000001e-05
36,6,19,395,6925,1686,1.6972000000000027e-05
36,7,19,388,6988,1707,1.708400000000003e-05
36,8,19,336,6733,1639,1.4268000000000013e-05
36,9,19,326,6833,1677,1.4436000000000012e-05
36,10,19,348,7134,1736,1.680000000000002e-05
36,11,19,329,7523,1830,1.4532000000000013e-05
36,12,19,357,6115,1504,1.4220000000000015e-05
36,13,19,331,6821,1672,1.4644000000000014e-05
36,14,19,356,7021,1724,1.552400000000002e-05
36,15,19,324,6986,1701,1.621200000000003e-05
36,16,19,323,6791,1670,1.4164000000000019e-05
36,17,19,354,7754,1861,1.4684000000000016e-05
36,18,19,356,6240,1546,1.4356000000000015e-05
36,19,19,355,7149,1744,1.5316000000000017e-05
36,20,19,328,7053,1715,1.4140000000000012e-05
36,21,19,353,6698,1620,1.5300000000000023e-05
36,22,19,385,6451,1591,1.6516000000000033e-05
36,23,19,324,6553,1603,1.4436000000000012e-05
36,24,19,332,6723,1648,1.5396000000000023e-05
36,25,19,303,6814,1655,1.3556000000000007e-05
36,26,19,349,6999,1703,1.597200000000003e-05
36,27,19,324,6645,1641,1.4436000000000012e-05
36,28,19,385,6548,1591,1.4952000000000032e-05
36,29,19,414,7142,1749,1.5864000000000026e-05
36,30,19,302,7071,1719,1.3716000000000009e-05
36,31,19,294,6760,1653,1.3172000000000005e-05
36,32,19,300,6139,1500,1.3300000000000006e-05
36,33,19,363,6391,1556,1.4452000000000015e-05
36,34,19,299,6597,1614,1.3900000000000011e-05
36,35,19,399,7580,1850,1.5828000000000022e-05
36,36,19,363,7268,1782,1.4620000000000014e-05
36,37,19,324,7162,1761,1.5300000000000023e-05
36,38,19,315,6588,1596,1.410000000000001e-05
36,39,19,323,6796,1650,1.410000000000001e-05
36,40,19,334,6338,1539,1.4548000000000014e-05
36,41,19,294,6699,1641,1.2756000000000005e-05
36,42,19,333,6777,1663,1.4564000000000013e-05
36,43,19,296,6016,1474,1.2548000000000003e-05
36,44,19,278,6549,1615,1.4196000000000016e-05
36,45,19,353,6693,1636,1.6956000000000032e-05
36,46,19,334,6715,1636,1.4580000000000013e-05
36,47,19,270,6253,1543,1.4580000000000018e-05
36,48,19,307,6193,1518,1.3652000000000014e-05
36,49,19,351,7651,1847,1.4420000000000013e-05
36,50,19,324,7001,1702,1.4436000000000012e-05
36,51,19,386,7228,1757,1.4776000000000033e-05
36,52,19,350,7000,1722,1.569600000000003e-05
36,53,19,331,6808,1673,1.5124000000000022e-05
36,54,19,405,6777,1649,1.6788000000000026e-05
36,55,19,362,6850,1675,1.4716000000000013e-05
36,56,19,412,7181,1757,1.6436000000000024e-05
36,57,19,388,6657,1613,1.982000000000001e-05
36,58,19,354,6652,1623,1.4180000000000013e-05
36,59,19,307,6454,1579,1.579600000000003e-05
36,60,19,350,6727,1660,1.5460000000000018e-05
36,61,19,325,6951,1699,1.5276000000000025e-05
36,62,19,328,6564,1597,1.4028000000000012e-05
36,63,19,355,6824,1681,1.4324000000000014e-05
36,64,19,327,7220,1762,1.4436000000000012e-05
36,65,19,304,6247,1517,1.4164000000000019e-05
36,66,19,348,6929,1692,1.6844000000000034e-05
36,67,19,424,7214,1761,1.640000000000002e-05
36,68,19,269,5960,1462,1.2644000000000006e-05
36,69,19,321,6474,1591,1.3236000000000007e-05
36,70,19,357,6743,1660,1.675200000000002e-05
36,71,19,284,6830,1644,1.3356000000000007e-05
36,72,19,383,7536,1836,1.5316000000000017e-05
36,73,19,351,6808,1664,1.403200000000003e-05
36,74,19,327,7630,1856,1.6140000000000025e-05
36,75,19,321,6770,1664,1.662800000000003e-05
36,76,19,375,6843,1674,1.6484000000000024e-05
36,77,19,341,7024,1733,1.4764000000000013e-05
36,78,19,267,6377,1555,1.485200000000002e-05
36,79,19,344,6881,1665,1.4828000000000015e-05
36,80,19,346,7428,1783,1.5492000000000027e-05
36,81,19,391,7201,1739,1.553200000000002e-05
36,82,19,367,6778,1659,1.618000000000002e-05
36,83,19,270,6427,1585,1.4100000000000016e-05
36,84,19,351,6693,1640,1.5460000000000018e-05
36,85,19,330,6853,1665,1.3340000000000008e-05
36,86,19,306,7020,1713,1.6692000000000033e-05
36,87,19,351,7168,1763,1.5188000000000023e-05
36,88,19,363,6611,1628,1.4684000000000014e-05
36,89,19,323,6355,1563,1.4556000000000021e-05
36,90,19,328,6735,1663,1.354000000000001e-05
36,91,19,346,7021,1720,1.5220000000000015e-05
36,92,19,281,5774,1411,1.3388000000000006e-05
36,93,19,287,6510,1584,1.3364000000000008e-05
36,94,19,325,6931,1697,1.5180000000000022e-05
36,95,19,419,7349,1777,1.639600000000003e-05
36,96,19,324,6447,1594,1.3532000000000009e-05
36,97,19,403,7462,1818,1.6908000000000025e-05
36,98,19,302,6383,1566,1.4164000000000019e-05
36,99,19,375,7405,1790,1.577200000000002e-05
36,100,19,355,7074,1716,1.546800000000002e-05
36,101,19,419,7343,1772,1.5576000000000032e-05
36,102,19,339,6792,1674,1.5124000000000016e-05
36,103,19,314,7111,1726,1.5364000000000028e-05
36,104,19,317,6791,1650,1.4012000000000011e-05
36,105,19,389,7143,1760,1.6908000000000025e-05
36,106,19,361,6976,1702,1.5316000000000028e-05
36,107,19,323,6610,1631,1.4516000000000013e-05
36,108,19,381,7094,1731,1.5252000000000023e-05
36,109,19,323,6763,1658,1.4628000000000013e-05
36,110,19,363,6872,1675,1.4380000000000011e-05
36,111,19,334,7056,1716,1.4556000000000021e-05
36,112,19,350,6696,1629,1.5460000000000018e-05
36,113,19,353,6651,1625,1.4988000000000015e-05
36,114,19,332,7024,1722,1.5396000000000027e-05
36,115,19,378,7171,1755,1.517200000000002e-05
36,116,19,315,6746,1663,1.4100000000000016e-05
36,117,19,322,7023,1701,1.4196000000000011e-05
36,118,19,315,6262,1534,1.4012000000000011e-05
36,119,19,385,6676,1630,1.524400000000002e-05
36,120,19,358,7192,1756,1.6052000000000025e-05
36,121,19,388,7056,1714,1.690800000000003e-05
36,122,19,362,7505,1822,1.5492000000000027e-05
36,123,19,363,7127,1717,1.4224000000000027e-05
36,124,19,313,6848,1649,1.4420000000000013e-05
36,125,19,357,6550,1592,1.5228000000000018e-05
36,126,19,329,7041,1720,1.406800000000002e-05
36,127,19,356,6872,1673,1.716800000000002e-05
36,128,19,331,6815,1671,1.5372000000000025e-05
36,129,19,357,7077,1745,1.5452000000000028e-05
36,130,19,323,6206,1516,1.3060000000000007e-05
36,131,19,288,6946,1689,1.5316000000000028e-05
36,132,19,328,6880,1683,1.4140000000000012e-05
36,133,19,327,6498,1577,1.4580000000000013e-05
36,134,14,357,4849,1178,1.4220000000000015e-05
37,0,19,320,6705,1645,1.361200000000001e-05
37,1,19,326,6550,1609,1.3156000000000006e-05
37,2,19,389,7111,1727,1.562000000000002e-05
37,3,19,369,6778,1654,1.5116000000000018e-05
37,4,19,316,6715,1655,1.4164000000000019e-05
37,5,19,323,7157,1754,1.3108000000000004e-05
37,6,19,336,6953,1695,1.3692000000000009e-05
37,7,19,284,6525,1592,1.4100000000000016e-05
37,8,19,326,6588,1618,1.4436000000000012e-05
37,9,19,353,6809,1654,1.4148000000000014e-05
37,10,19,388,7798,1882,1.509200000000002e-05
37,11,19,391,6816,1671,1.5048000000000033e-05
37,12,19,359,6947,1698,1.4388000000000014e-05
37,13,19,359,6913,1689,1.4436000000000012e-05
37,14,19,379,6707,1648,1.534800000000002e-05
37,15,19,384,6604,1604,1.7344000000000012e-05
37,16,19,325,7117,1738,1.3556000000000014e-05
37,17,19,317,6239,1549,1.4012000000000011e-05
37,18,19,320,6622,1606,1.4564000000000022e-05
37,19,19,301,6380,1550,1.3876000000000009e-05
37,20,19,351,7139,1743,1.5396000000000027e-05
37,21,19,325,7366,1800,1.4356000000000011e-05
37,22,19,363,7596,1843,1.6268000000000028e-05
37,23,19,331,6655,1636,1.3612000000000011e-05
37,24,19,387,7317,1774,1.4952000000000032e-05
37,25,19,353,6839,1672,1.5196000000000017e-05
37,26,19,384,7054,1718,1.6140000000000025e-05
37,27,19,357,7094,1718,1.669200000000003e-05
37,28,19,385,7189,1763,1.523600000000002e-05
37,29,19,316,7033,1704,1.410000000000001e-05
37,30,19,321,7087,1743,1.347600000000001e-05
37,31,19,274,6191,1518,1.2692000000000003e-05
37,32,19,341,7103,1714,1.5124000000000015e-05
37,33,19,384,6802,1665,1.7068000000000027e-05
37,34,19,356,6311,1541,1.4980000000000016e-05
37,35,19,351,6763,1639,1.6180000000000028e-05
37,36,19,335,7097,1730,1.8532000000000025e-05
37,37,19,332,7304,1777,1.398000000000001e-05
37,38,19,322,6664,1640,1.4012000000000011e-05
37,39,19,417,6326,1541,1.6040000000000026e-05
37,40,19,303,6550,1610,1.3556000000000007e-05
37,41,19,333,7290,1771,1.4676000000000013e-05
37,42,19,383,6918,1678,1.527600000000002e-05
37,43,19,331,6839,1664,1.3356000000000007e-05
37,44,19,356,6755,1647,1.552400000000002e-05
37,45,19,450,7244,1778,1.7884000000000027e-05
37,46,19,364,7251,1736,1.5652000000000022e-05
37,47,19,324,6572,1611,1.3876000000000009e-05
37,48,19,354,6501,1595,1.4324000000000014e-05
37,49,19,325,5939,1448,1.4436000000000012e-05
37,50,19,380,6758,1650,1.5172000000000018e-05
37,51,19,278,6158,1510,1.509200000000002e-05
37,52,19,300,5953,1465,1.3148000000000007e-05
37,53,19,367,6975,1698,1.4348000000000016e-05
37,54,19,416,6847,1668,1.5864000000000026e-05
37,55,19,331,7023,1703,1.4868000000000014e-05
37,56,19,357,6250,1531,1.4620000000000014e-05
37,57,19,379,6839,1694,1.5180000000000022e-05
37,58,19,311,6900,1692,1.359600000000001e-05
37,59,19,323,6560,1614,1.5588000000000028e-05
37,60,19,357,6519,1604,1.4740000000000022e-05
37,61,19,389,7135,1759,1.6908000000000025e-05
37,62,19,311,6298,1543,1.3684000000000008e-05
37,63,19,379,6846,1672,1.6340000000000023e-05
37,64,19,324,6629,1639,1.3532000000000009e-05
37,65,19,328,6692,1633,1.611600000000003e-05
37,66,19,296,6372,1570,1.3804000000000014e-05
37,67,19,386,7577,1850,1.6612000000000027e-05
37,68,19,354,6816,1652,1.4580000000000013e-05
37,69,19,335,6769,1656,1.3692000000000009e-05
37,70,19,357,6904,1683,1.5228000000000018e-05
37,71,19,356,6803,1666,1.5228000000000018e-05
37,72,19,322,6389,1564,1.3420000000000007e-05
37,73,19,322,6845,1671,1.3236000000000007e-05
37,74,19,379,7361,1778,1.552400000000002e-05
37,75,19,347,6930,1689,1.5188000000000016e-05
37,76,19,319,6319,1550,1.383600000000001e-05
37,77,19,358,7201,1745,1.5396000000000027e-05
37,78,19,296,6732,1633,1.4436000000000017e-05
37,79,19,347,7083,1737,1.5220000000000015e-05
37,80,19,354,6394,1578,1.4148000000000014e-05
37,81,19,333,7037,1695,1.577600000000003e-05
37,82,19,323,6613,1626,1.4012000000000011e-05
37,83,19,317,7065,1730,1.4324000000000012e-05
37,84,19,331,6987,1714,1.4644000000000014e-05
37,85,19,317,6686,1635,1.410000000000001e-05
37,86,19,306,6706,1644,1.3532000000000009e-05
37,87,19,347,6469,1587,1.4540000000000013e-05
37,88,19,324,7101,1749,1.4436000000000012e-05
37,89,19,338,6565,1598,1.372400000000001e-05
37,90,19,358,6879,1658,1.4324000000000014e-05
37,91,19,364,6798,1652,1.6116000000000023e-05
37,92,19,321,7190,1752,1.410000000000001e-05
37,93,19,328,6665,1627,1.4532000000000013e-05
37,94,19,387,7459,1820,1.6068000000000023e-05
37,95,19,333,7418,1812,1.4564000000000013e-05
37,96,19,367,7451,1820,1.4716000000000013e-05
37,97,19,364,6695,1642,1.4684000000000014e-05
37,98,19,332,6255,1536,1.3196000000000009e-05
37,99,19,321,6917,1673,1.410000000000001e-05
37,100,19,326,6740,1648,1.4436000000000012e-05
37,101,19,353,6315,1544,1.4436000000000012e-05
37,102,19,315,6888,1697,1.4100000000000016e-05
37,103,19,291,6348,1561,1.3172000000000005e-05
37,104,19,390,6936,1704,1.6364000000000025e-05
37,105,19,338,6750,1669,1.678000000000003e-05
37,106,19,316,6172,1502,1.378000000000001e-05
37,107,19,318,6686,1613,1.406800000000002e-05
37,108,19,353,6964,1716,1.5628000000000024e-05
37,109,19,325,6685,1641,1.6956000000000032e-05
37,110,19,353,7380,1813,1.716800000000002e-05
37,111,19,330,6979,1697,1.4444000000000013e-05
37,112,19,356,6544,1591,1.4772000000000015e-05
37,113,19,272,6205,1518,1.2820000000000004e-05
37,114,19,356,7124,1745,1.5692000000000022e-05
37,115,19,354,6596,1604,1.4356000000000011e-05
37,116,19,322,6863,1679,1.374800000000001e-05
37,117,19,320,6797,1678,1.4196000000000011e-05
37,118,19,377,6812,1675,1.577200000000002e-05
37,119,19,296,6801,1663,1.4564000000000022e-05
37,120,19,325,7099,1749,1.378800000000001e-05
37,121,19,323,6448,1574,1.3068000000000006e-05
37,122,19,333,6802,1671,1.4564000000000013e-05
37,123,19,330,7138,1745,1.4532000000000013e-05
37,124,19,382,7548,1825,1.6748000000000027e-05
37,125,19,359,6628,1599,1.4212000000000014e-05
37,126,19,423,7155,1732,1.686000000000003e-05
37,127,19,324,6598,1605,1.4228000000000012e-05
37,128,19,416,7171,1735,1.633200000000003e-05
37,129,19,321,6829,1661,1.3236000000000007e-05
37,130,19,324,6224,1529,1.354000000000001e-05
37,131,19,360,6480,1595,1.4716000000000013e-05
37,132,19,349,6831,1685,1.4644000000000021e-05
37,133,19,354,6549,1610,1.3716000000000009e-05
37,134,14,353,5346,1302,1.4324000000000014e-05
38,0,19,349,6512,1586,1.4084000000000013e-05
38,1,19,342,7385,1797,1.5036000000000015e-05
38,2,19,389,6470,1604,1.6364000000000025e-05
38,3,19,352,6950,1707,1.7344000000000012e-05
38,4,19,447,7301,1763,2.1871999999999966e-05
38,5,19,383,6724,1645,1.8892000000000022e-05
38,6,19,332,7010,1731,1.569600000000003e-05
38,7,19,385,6403,1552,1.6372000000000022e-05
38,8,19,356,6701,1635,1.7508000000000036e-05
38,9,19,321,6543,1596,1.372400000000001e-05
38,10,19,332,6966,1689,1.4436000000000012e-05
38,11,19,282,6408,1567,1.2756000000000005e-05
38,12,19,379,7001,1709,1.5452000000000028e-05
38,13,19,331,6743,1646,1.4196000000000011e-05
38,14,19,325,6621,1614,1.3876000000000009e-05
38,15,19,326,7131,1745,1.478800000000002e-05
38,16,19,357,6972,1697,1.4436000000000012e-05
38,17,19,325,7002,1701,1.419600000000002e-05
38,18,19,329,6880,1677,1.488400000000002e-05
38,19,19,324,7058,1733,1.6956000000000032e-05
38,20,19,349,6889,1677,1.4540000000000013e-05
38,21,19,364,6523,1587,1.4684000000000014e-05
38,22,19,358,6957,1685,1.4388000000000015e-05
38,23,19,361,6641,1620,1.4684000000000014e-05
38,24,19,330,6676,1629,1.3292000000000008e-05
38,25,19,355,7398,1826,1.4980000000000016e-05
38,26,19,324,7138,1725,1.410000000000001e-05
38,27,19,319,6451,1588,1.3204000000000006e-05
38,28,19,322,6521,1603,1.4380000000000011e-05
38,29,19,351,6766,1655,1.587200000000003e-05
38,30,19,314,6528,1595,1.3748000000000018e-05
38,31,19,325,7048,1721,1.3484000000000007e-05
38,32,19,353,6847,1677,1.5796000000000026e-05
38,33,19,329,6961,1706,1.3540000000000008e-05
38,34,19,392,6911,1683,1.577200000000002e-05
38,35,19,358,7132,1732,1.7264000000000016e-05
38,36,19,324,6863,1661,1.4228000000000012e-05
38,37,19,351,6678,1636,1.3864000000000025e-05
38,38,19,357,6855,1667,1.4012000000000011e-05
38,39,19,354,7102,1724,1.4620000000000014e-05
38,40,19,327,6648,1594,1.6132000000000035e-05
38,41,19,321,7085,1738,1.429200000000002e-05
38,42,19,357,6835,1669,1.552400000000002e-05
38,43,19,351,7006,1699,1.5460000000000018e-05
38,44,19,327,7180,1779,1.4516000000000013e-05
38,45,19,323,6857,1680,1.4692000000000013e-05
38,46,19,354,6382,1568,1.4324000000000014e-05
38,47,19,316,6874,1690,1.359600000000001e-05
38,48,19,357,6935,1707,1.4980000000000016e-05
38,49,19,343,7311,1780,1.5156000000000015e-05
38,50,19,299,6786,1663,1.4036000000000016e-05
38,51,19,326,7100,1730,1.4164000000000019e-05
38,52,19,323,6477,1590,1.5548000000000028e-05
38,53,19,354,6919,1679,1.4324000000000014e-05
38,54,19,305,6723,1645,1.4260000000000011e-05
38,55,19,353,7005,1724,1.3688000000000025e-05
38,56,19,358,6741,1633,1.4252000000000014e-05
38,57,19,387,6648,1616,1.4776000000000033e-05
38,58,19,296,6746,1654,1.5524000000000026e-05
38,59,19,353,7265,1780,1.4324000000000014e-05
38,60,19,356,7006,1701,1.552400000000002e-05
38,61,19,292,6403,1560,1.3172000000000005e-05
38,62,19,323,6373,1564,1.4436000000000012e-05
38,63,19,345,7464,1817,1.5300000000000023e-05
38,64,19,346,7032,1725,1.5188000000000016e-05
38,65,19,353,7877,1911,1.4268000000000013e-05
38,66,19,351,6727,1641,1.5276000000000025e-05
38,67,19,339,7135,1745,1.4620000000000014e-05
38,68,19,328,7070,1720,1.419600000000002e-05
38,69,19,324,7134,1750,1.4820000000000022e-05
38,70,19,385,7465,1835,1.5756000000000027e-05
38,71,19,353,6608,1618,1.485200000000002e-05
38,72,19,354,6941,1688,1.4156000000000013e-05
38,73,19,383,6515,1593,1.4952000000000032e-05
38,74,19,384,7023,1709,1.523600000000002e-05
38,75,19,313,6976,1690,1.359600000000001e-05
38,76,19,332,6673,1641,1.3292000000000006e-05
38,77,19,324,6728,1641,1.6268000000000028e-05
38,78,19,298,6568,1611,1.384400000000001e-05
38,79,19,319,7087,1726,1.3508000000000009e-05
38,80,19,352,6671,1632,1.5212000000000025e-05
38,81,19,316,6792,1648,1.5276000000000025e-05
38,82,19,388,7014,1717,1.6612000000000027e-05
38,83,19,390,6190,1509,1.6908000000000025e-05
38,84,19,330,6834,1669,1.354000000000001e-05
38,85,19,330,7081,1726,1.6956000000000032e-05
38,86,19,336,6728,1628,1.410000000000001e-05
38,87,19,355,6459,1594,1.4220000000000011e-05
38,88,19,332,6799,1654,1.3364000000000008e-05
38,89,19,322,6513,1592,1.410000000000001e-05
38,90,19,357,7308,1768,1.612400000000003e-05
38,91,19,357,7120,1739,1.7868000000000033e-05
38,92,19,392,7052,1724,1.580400000000002e-05
38,93,19,357,7655,1867,1.570000000000003e-05
38,94,19,327,7077,1730,1.4140000000000012e-05
38,95,19,352,7514,1823,1.5300000000000023e-05
38,96,19,364,7340,1771,1.5124000000000015e-05
38,97,19,379,7023,1720,1.5172000000000018e-05
38,98,19,332,6652,1625,1.4236000000000012e-05
38,99,19,333,6415,1568,1.5388000000000023e-05
38,100,19,354,6689,1630,1.798000000000003e-05
38,101,19,297,6670,1631,1.2724000000000004e-05
38,102,19,325,6993,1703,1.4196000000000011e-05
38,103,19,343,7185,1740,1.553200000000002e-05
38,104,19,331,6749,1644,1.3236000000000007e-05
38,105,19,361,7055,1715,1.4140000000000012e-05
38,106,19,331,6914,1685,1.4100000000000016e-05
38,107,19,334,7100,1726,1.6884000000000037e-05
38,108,19,342,7070,1732,1.6140000000000025e-05
38,109,19,358,7054,1735,1.5004000000000016e-05
38,110,19,290,6513,1605,1.2604000000000003e-05
38,111,19,330,6846,1661,1.4444000000000013e-05
38,112,19,355,6757,1663,1.552400000000002e-05
38,113,19,400,7139,1749,1.6204000000000026e-05
38,114,19,351,6561,1603,1.4676000000000013e-05
38,115,19,376,7238,1766,1.636400000000002e-05
38,116,19,322,6849,1669,1.3236000000000007e-05
38,117,19,320,6484,1583,1.3236000000000007e-05
38,118,19,354,7305,1782,1.5316000000000024e-05
38,119,19,292,6714,1625,1.4676000000000018e-05
38,120,19,328,6801,1657,1.3292000000000006e-05
38,121,19,372,6431,1596,1.5108000000000019e-05
38,122,19,321,6846,1684,1.3740000000000009e-05
38,123,19,389,6922,1692,1.5308000000000024e-05
38,124,19,321,6496,1589,1.3268000000000004e-05
38,125,19,361,6847,1650,1.6132000000000035e-05
38,126,19,361,6786,1661,1.5076000000000016e-05
38,127,19,376,7179,1746,1.6244000000000023e-05
38,128,19,359,7967,1935,1.708400000000003e-05
38,129,19,346,7143,1744,1.4436000000000012e-05
38,130,19,425,7033,1721,1.7500000000000032e-05
38,131,19,315,6914,1705,1.3108000000000004e-05
38,132,19,399,6764,1663,1.6396000000000024e-05
38,133,19,347,6802,1662,1.569600000000003e-05
38,134,14,327,4748,1156,1.3332000000000007e-05
39,0,19,316,6679,1630,1.4316000000000012e-05
39,1,19,331,7516,1826,1.4436000000000012e-05
39,2,19,358,6747,1663,1.4620000000000014e-05
39,3,19,320,6459,1574,1.3060000000000007e-05
39,4,19,340,6950,1683,1.5028000000000016e-05
39,5,19,338,7120,1726,1.4580000000000015e-05
39,6,19,383,7232,1754,1.5884000000000023e-05
39,7,19,316,6367,1561,1.410000000000001e-05
39,8,19,351,6360,1562,1.5460000000000018e-05
39,9,19,389,6814,1656,1.690800000000003e-05
39,10,19,355,7267,1761,1.5396000000000023e-05
39,11,19,359,7670,1882,1.4620000000000014e-05
39,12,19,294,6547,1606,1.3516000000000007e-05
39,13,19,336,6704,1639,1.5188000000000021e-05
39,14,19,310,6756,1654,1.7356000000000035e-05
39,15,19,353,6439,1582,1.449200000000002e-05
39,16,19,297,5853,1444,1.426000000000002e-05
39,17,19,351,6795,1660,1.7564000000000034e-05
39,18,19,398,7185,1764,1.7036000000000028e-05
39,19,19,301,6807,1673,1.623600000000003e-05
39,20,19,348,6843,1660,1.5100000000000016e-05
39,21,19,357,7107,1728,1.426000000000002e-05
39,22,19,329,7401,1814,1.6956000000000032e-05
39,23,19,332,7023,1712,1.6052000000000025e-05
39,24,19,331,7502,1817,1.7052000000000033e-05
39,25,19,357,6060,1487,1.4212000000000014e-05
39,26,19,348,7101,1720,1.6236000000000025e-05
39,27,19,291,6221,1522,1.3716000000000009e-05
39,28,19,311,6937,1694,1.3684000000000008e-05
39,29,19,322,6844,1662,1.3068000000000006e-05
39,30,19,346,7341,1768,1.4644000000000014e-05
39,31,19,362,7143,1735,1.4340000000000017e-05
39,32,19,323,6652,1627,1.406800000000002e-05
39,33,19,353,6662,1624,1.4980000000000021e-05
39,34,19,356,6746,1644,1.647600000000003e-05
39,35,19,325,7288,1768,1.4140000000000012e-05
39,36,19,323,6722,1645,1.4436000000000012e-05
39,37,19,325,6214,1527,1.3156000000000006e-05
39,38,19,359,6619,1629,1.566800000000002e-05
39,39,19,326,6952,1699,1.4436000000000012e-05
39,40,19,294,6341,1554,1.2452000000000002e-05
39,41,19,345,7146,1739,1.5188000000000016e-05
39,42,19,342,7300,1767,1.5124000000000015e-05
39,43,19,331,6470,1583,1.590400000000003e-05
39,44,19,365,6809,1663,1.4452000000000015e-05
39,45,19,349,7005,1708,1.4084000000000013e-05
39,46,19,289,6526,1593,1.3164000000000012e-05
39,47,19,354,6580,1605,1.716800000000002e-05
39,48,19,384,6581,1606,1.6372000000000022e-05
39,49,19,318,6750,1651,1.4156000000000017e-05
39,50,19,357,6695,1636,1.6692000000000033e-05
39,51,19,351,7040,1717,1.5460000000000018e-05
39,52,19,343,7042,1714,1.5036000000000015e-05
39,53,19,357,7401,1823,1.5060000000000015e-05
39,54,19,275,6335,1573,1.406800000000002e-05
39,55,19,458,7174,1750,1.725600000000001e-05
39,56,19,333,6785,1673,1.4676000000000013e-05
39,57,19,348,6998,1711,1.5100000000000016e-05
39,58,19,323,6802,1662,1.407600000000001e-05
39,59,19,353,7106,1733,1.3864000000000025e-05
39,60,19,355,6781,1643,1.5316000000000017e-05
39,61,19,346,6918,1687,1.5628000000000024e-05
39,62,19,351,7467,1815,1.4828000000000015e-05
39,63,19,324,6873,1668,1.560000000000003e-05
39,64,19,302,7057,1720,1.3556000000000007e-05
39,65,19,354,6990,1702,1.4228000000000012e-05
39,66,19,323,6536,1588,1.4012000000000011e-05
39,67,19,319,6698,1630,1.4012000000000011e-05
39,68,19,343,7060,1723,1.5404000000000024e-05
39,69,19,326,6564,1592,1.3316000000000013e-05
39,70,19,317,6252,1555,1.3028000000000006e-05
39,71,19,321,6627,1625,1.5172000000000022e-05
39,72,19,359,6412,1575,1.566800000000002e-05
39,73,19,335,6716,1633,1.5084000000000015e-05
39,74,19,315,6258,1535,1.4012000000000011e-05
39,75,19,351,7106,1735,1.5196000000000017e-05
39,76,19,328,7072,1736,1.6140000000000025e-05
39,77,19,353,6729,1633,1.4180000000000013e-05
39,78,19,328,7372,1786,1.5372000000000025e-05
39,79,19,334,7460,1817,1.4108000000000011e-05
39,80,19,301,6841,1656,1.3228000000000006e-05
39,81,19,355,6701,1639,1.4532000000000013e-05
39,82,19,361,7403,1800,1.4716000000000013e-05
39,83,19,336,6465,1580,1.4580000000000013e-05
39,84,19,329,7096,1713,1.384400000000001e-05
39,85,19,420,7361,1797,1.6596000000000025e-05
39,86,19,268,6233,1524,1.2244e-05
39,87,19,416,7588,1841,1.5864000000000026e-05
39,88,19,327,6355,1562,1.3564000000000008e-05
39,89,19,354,6841,1672,1.410000000000001e-05
39,90,19,353,7016,1718,1.7292000000000034e-05
39,91,19,325,6274,1534,1.407600000000001e-05
39,92,19,329,6591,1606,1.4004000000000019e-05
39,93,19,389,6835,1682,1.6364000000000025e-05
39,94,19,383,7002,1721,1.541200000000002e-05
39,95,19,340,6338,1538,1.372400000000001e-05
39,96,19,334,7233,1756,1.4140000000000012e-05
39,97,19,327,6901,1660,1.5396000000000027e-05
39,98,19,325,7210,1763,1.364400000000001e-05
39,99,19,341,7162,1741,1.4932000000000016e-05
39,100,19,319,7095,1744,1.3316000000000013e-05
39,101,19,398,7142,1730,1.5436000000000023e-05
39,102,19,390,7166,1753,1.6908000000000025e-05
39,103,19,323,7087,1733,1.4380000000000011e-05
39,104,19,312,6903,1693,1.3684000000000008e-05
39,105,19,328,7903,1897,1.4028000000000012e-05
39,106,19,330,7183,1761,1.4372000000000012e-05
39,107,19,336,6281,1538,1.4140000000000012e-05
39,108,19,323,6416,1593,1.632400000000003e-05
39,109,19,351,6824,1673,1.4644000000000014e-05
39,110,19,331,7082,1736,1.406800000000002e-05
39,111,19,354,7634,1850,1.5100000000000016e-05
39,112,19,333,7029,1695,1.632400000000003e-05
39,113,19,386,6908,1702,1.6612000000000027e-05
39,114,19,439,7523,1822,1.686000000000003e-05
39,115,19,356,7014,1712,1.577600000000003e-05
39,116,19,333,6789,1664,1.410000000000001e-05
39,117,19,392,6945,1691,1.577200000000002e-05
39,118,19,326,7142,1744,1.4740000000000022e-05
39,119,19,316,7073,1703,1.410000000000001e-05
39,120,19,322,6889,1688,1.347600000000001e-05
39,121,19,386,6680,1636,1.541200000000002e-05
39,122,19,398,7077,1743,1.6492000000000024e-05
39,123,19,389,7258,1757,1.9007999999999998e-05
39,124,19,334,6884,1688,1.410000000000001e-05
39,125,19,346,6816,1658,1.5100000000000016e-05
39,126,19,383,6854,1668,1.8736e-05
39,127,19,402,8014,1943,1.6724000000000025e-05
39,128,19,331,7230,1754,1.6052000000000025e-05
39,129,19,314,6940,1686,1.410000000000001e-05
39,130,19,343,6199,1539,1.5124000000000015e-05
39,131,19,330,6615,1627,1.3596000000000008e-05
39,132,19,396,7164,1753,1.7004000000000026e-05
39,133,19,356,6416,1571,1.4980000000000016e-05
39,134,14,268,4806,1191,1.2812000000000004e-05
40,0,19,348,6511,1604,1.4868000000000014e-05
40,1,19,316,6267,1542,1.6140000000000025e-05
40,2,19,323,7172,1745,1.3804000000000014e-05
40,3,19,321,6197,1537,1.4076000000000012e-05
40,4,19,379,6835,1671,1.582000000000002e-05
40,5,19,344,6608,1634,1.4676000000000013e-05
40,6,19,357,7079,1726,1.4620000000000014e-05
40,7,19,341,6715,1646,1.5124000000000015e-05
40,8,19,352,6781,1656,1.5196000000000017e-05
40,9,19,384,6654,1626,1.523600000000002e-05
40,10,19,326,7158,1737,1.3580000000000009e-05
40,11,19,307,6282,1528,1.3652000000000008e-05
40,12,19,391,7699,1862,1.566800000000002e-05
40,13,19,319,6873,1688,1.4012000000000011e-05
40,14,19,384,7385,1779,1.523600000000002e-05
40,15,19,353,7458,1811,1.716800000000002e-05
40,16,19,389,6998,1712,1.5048000000000033e-05
40,17,19,295,6342,1561,1.3484000000000007e-05
40,18,19,355,6650,1639,1.4356000000000013e-05
40,19,19,362,6937,1676,1.5300000000000023e-05
40,20,19,360,7192,1752,1.5124000000000016e-05
40,21,19,382,6528,1598,1.534800000000002e-05
40,22,19,317,6845,1684,1.556800000000003e-05
40,23,19,322,6639,1648,1.383600000000001e-05
40,24,19,323,6664,1621,1.509200000000002e-05
40,25,19,380,7176,1753,1.5100000000000016e-05
40,26,19,326,7517,1833,1.359600000000001e-05
40,27,19,328,6711,1628,1.4436000000000012e-05
40,28,19,322,7005,1726,1.3532000000000009e-05
40,29,19,350,7058,1733,1.4260000000000013e-05
40,30,19,350,6894,1688,1.577600000000003e-05
40,31,19,327,7040,1699,1.4196000000000011e-05
40,32,19,319,6701,1637,1.394000000000001e-05
40,33,19,363,7545,1826,1.573200000000002e-05
40,34,19,419,7697,1860,2.020799999999998e-05
40,35,19,305,6446,1578,1.3180000000000008e-05
40,36,19,296,6800,1670,1.636400000000003e-05
40,37,19,347,7037,1701,1.4012000000000011e-05
40,38,19,353,7058,1712,1.7344000000000012e-05
40,39,19,357,7070,1728,1.4532000000000013e-05
40,40,19,392,6732,1638,1.6908000000000025e-05
40,41,19,315,6951,1695,1.5180000000000022e-05
40,42,19,317,7277,1762,1.3412000000000008e-05
40,43,19,394,7195,1747,1.536400000000002e-05
40,44,19,354,7216,1780,1.3864000000000025e-05
40,45,19,341,7019,1702,1.4220000000000011e-05
40,46,19,354,6741,1640,1.4620000000000014e-05
40,47,19,335,7165,1735,1.473200000000002e-05
40,48,19,393,6735,1633,1.6972000000000027e-05
40,49,19,395,7488,1815,1.6428000000000023e-05
40,50,19,354,6750,1645,1.4148000000000014e-05
40,51,19,324,6856,1683,1.3236000000000007e-05
40,52,19,353,6864,1689,1.5460000000000018e-05
40,53,19,323,6870,1685,1.3164000000000012e-05
40,54,19,350,6940,1690,1.4260000000000013e-05
40,55,19,354,6204,1524,1.4148000000000014e-05
40,56,19,323,7245,1761,1.4188000000000016e-05
40,57,19,352,6549,1604,1.5452000000000028e-05
40,58,19,347,6768,1645,1.4580000000000018e-05
40,59,19,324,7371,1806,1.4012000000000011e-05
40,60,19,324,6727,1659,1.4228000000000012e-05
40,61,19,333,6809,1655,1.5052000000000016e-05
40,62,19,325,6939,1705,1.4196000000000011e-05
40,63,19,388,6798,1668,1.6492000000000024e-05
40,64,19,351,6960,1695,1.4372000000000012e-05
40,65,19,351,6627,1624,1.5460000000000018e-05
40,66,19,332,6340,1557,1.4140000000000012e-05
40,67,19,349,6578,1615,1.4084000000000013e-05
40,68,19,299,7032,1733,1.4188000000000016e-05
40,69,19,415,6980,1708,1.5896000000000025e-05
40,70,19,333,7262,1779,1.4564000000000013e-05
40,71,19,297,6590,1608,1.3052000000000006e-05
40,72,19,360,7370,1793,1.552400000000002e-05
40,73,19,355,7315,1780,1.4324000000000014e-05
40,74,19,323,7223,1786,1.5536000000000032e-05
40,75,19,358,6744,1656,1.4620000000000014e-05
40,76,19,333,6893,1683,1.520400000000002e-05
40,77,19,321,6756,1655,1.4108000000000011e-05
40,78,19,380,7117,1735,1.6804000000000027e-05
40,79,19,334,6694,1629,1.4644000000000014e-05
40,80,19,386,7035,1685,1.4776000000000033e-05
40,81,19,406,7129,1757,1.6788000000000026e-05
40,82,19,332,6355,1575,1.4676000000000013e-05
40,83,19,331,6791,1667,1.3596000000000008e-05
40,84,19,362,7281,1775,1.653200000000003e-05
40,85,19,322,6533,1604,1.3300000000000006e-05
40,86,19,286,6448,1566,1.2716000000000003e-05
40,87,19,350,6180,1523,1.4556000000000013e-05
40,88,19,342,7158,1754,1.5180000000000022e-05
40,89,19,411,6874,1681,1.597600000000002e-05
40,90,19,352,7331,1795,1.4644000000000014e-05
40,91,19,330,6578,1607,1.3596000000000008e-05
40,92,19,355,7186,1722,1.552400000000002e-05
40,93,19,327,6611,1624,1.7092000000000036e-05
40,94,19,325,7200,1761,1.4924000000000015e-05
40,95,19,349,7106,1747,1.4292000000000013e-05
40,96,19,285,6365,1555,1.292400000000001e-05
40,97,19,387,6521,1583,1.6068000000000023e-05
40,98,19,306,6626,1619,1.5724000000000024e-05
40,99,19,350,6799,1670,1.4436000000000012e-05
40,100,19,301,6512,1599,1.3708000000000013e-05
40,101,19,348,6536,1619,1.5484000000000023e-05
40,102,19,347,6445,1565,1.4084000000000013e-05
40,103,19,331,6368,1550,1.3716000000000009e-05
40,104,19,346,6139,1527,1.5100000000000016e-05
40,105,19,324,6858,1696,1.560000000000003e-05
40,106,19,331,7293,1784,1.5712000000000032e-05
40,107,19,299,6438,1591,1.3556000000000007e-05
40,108,19,351,7452,1825,1.528400000000002e-05
40,109,19,355,6973,1686,1.5252000000000016e-05
40,110,19,346,6656,1625,1.5100000000000016e-05
40,111,19,327,6831,1676,1.420800000000003e-05
40,112,19,316,6789,1671,1.2996000000000006e-05
40,113,19,361,6774,1659,1.6020000000000023e-05
40,114,19,355,6951,1691,1.4148000000000014e-05
40,115,19,296,6299,1545,1.3828000000000016e-05
40,116,19,333,6577,1607,1.410000000000001e-05
40,117,19,350,6203,1511,1.4564000000000015e-05
40,118,19,312,6410,1567,1.449200000000002e-05
40,119,19,325,6631,1636,1.3532000000000009e-05
40,120,19,381,7161,1758,1.8192000000000005e-05
40,121,19,402,7633,1841,1.6756000000000024e-05
40,122,19,293,6566,1607,1.3484000000000007e-05
40,123,19,286,6401,1568,1.3204000000000013e-05
40,124,19,398,6715,1634,1.7068000000000027e-05
40,125,19,320,7273,1764,1.4012000000000011e-05
40,126,19,329,6813,1669,1.4932000000000016e-05
40,127,19,338,6942,1671,1.4580000000000015e-05
40,128,19,363,6684,1620,1.4224000000000027e-05
40,129,19,320,7215,1767,1.4404000000000012e-05
40,130,19,316,6770,1647,1.4060000000000011e-05
40,131,19,358,7321,1768,1.5228000000000018e-05
40,132,19,294,6400,1566,1.3836000000000015e-05
40,133,19,323,6520,1604,1.410000000000001e-05
40,134,14,340,4960,1223,1.4012000000000011e-05
41,0,19,354,7015,1721,1.552400000000002e-05
41,1,19,330,6804,1663,1.590400000000003e-05
41,2,19,395,7275,1765,1.6428000000000023e-05
41,3,19,352,7124,1726,1.4412000000000014e-05
41,4,19,279,6458,1584,1.339600000000001e-05
41,5,19,385,7132,1722,1.541200000000002e-05
41,6,19,316,6507,1610,1.384400000000001e-05
41,7,19,359,7457,1816,1.5036000000000015e-05
41,8,19,388,6634,1626,1.598000000000002e-05
41,9,19,335,6411,1570,1.3804000000000014e-05
41,10,19,326,6926,1683,1.4140000000000012e-05
41,11,19,385,7453,1813,1.541200000000002e-05
41,12,19,327,6962,1703,1.4140000000000012e-05
41,13,19,354,7026,1733,1.552400000000002e-05
41,14,19,301,6270,1540,1.4564000000000022e-05
41,15,19,302,6701,1623,1.3556000000000007e-05
41,16,19,331,6885,1669,1.3796000000000015e-05
41,17,19,322,6567,1596,1.403600000000001e-05
41,18,19,323,7234,1764,1.4164000000000019e-05
41,19,19,319,6624,1620,1.4196000000000011e-05
41,20,19,322,7155,1750,1.4100000000000016e-05
41,21,19,354,7088,1718,1.5252000000000016e-05
41,22,19,347,6671,1620,1.4644000000000014e-05
41,23,19,335,6687,1630,1.3692000000000009e-05
41,24,19,298,6760,1650,1.384400000000001e-05
41,25,19,454,7234,1765,1.9084000000000016e-05
41,26,19,305,6878,1686,1.2756000000000005e-05
41,27,19,327,6475,1569,1.413200000000002e-05
41,28,19,387,7354,1793,1.6068000000000023e-05
41,29,19,353,6908,1692,1.4012000000000011e-05
41,30,19,332,6567,1603,1.394000000000001e-05
41,31,19,337,6840,1658,1.3652000000000008e-05
41,32,19,348,6311,1547,1.4084000000000013e-05
41,33,19,332,7085,1721,1.4380000000000011e-05
41,34,19,384,7247,1770,1.523600000000002e-05
41,35,19,343,7535,1858,1.5036000000000015e-05
41,36,19,347,7149,1744,1.716400000000003e-05
41,37,19,358,7098,1717,1.552400000000002e-05
41,38,19,353,6987,1703,1.4436000000000012e-05
41,39,19,381,7275,1801,1.560000000000003e-05
41,40,19,324,7292,1773,1.4196000000000011e-05
41,41,19,349,7060,1722,1.5100000000000016e-05
41,42,19,365,6523,1584,1.573200000000002e-05
41,43,19,379,6465,1579,1.5452000000000028e-05
41,44,19,348,6680,1635,1.4564000000000013e-05
41,45,19,331,7026,1725,1.3828000000000016e-05
41,46,19,352,6899,1683,1.3688000000000025e-05
41,47,19,316,6811,1665,1.410000000000001e-05
41,48,19,291,6563,1606,1.4556000000000021e-05
41,49,19,302,6984,1698,1.4644000000000021e-05
41,50,19,332,6607,1602,1.410000000000001e-05
41,51,19,324,6710,1679,1.410000000000001e-05
41,52,19,327,7363,1801,1.4660000000000022e-05
41,53,19,332,6308,1535,1.4564000000000022e-05
41,54,19,358,6884,1677,1.4620000000000014e-05
41,55,19,336,7265,1774,1.4804000000000014e-05
41,56,19,326,6879,1666,1.569600000000003e-05
41,57,19,362,7149,1736,1.4644000000000014e-05
41,58,19,347,7129,1737,1.5100000000000016e-05
41,59,19,332,7687,1853,1.4580000000000013e-05
41,60,19,391,7082,1723,1.6908000000000025e-05
41,61,19,324,6388,1568,1.3060000000000007e-05
41,62,19,383,6787,1669,1.523600000000002e-05
41,63,19,346,6724,1653,1.4260000000000013e-05
41,64,19,379,6595,1626,1.534800000000002e-05
41,65,19,332,6701,1629,1.647600000000003e-05
41,66,19,323,6342,1550,1.3060000000000007e-05
41,67,19,418,7680,1848,1.6040000000000026e-05
41,68,19,297,6646,1611,1.4100000000000016e-05
41,69,19,331,6852,1664,1.3136000000000021e-05
41,70,19,330,6881,1690,1.4532000000000013e-05
41,71,19,328,6546,1590,1.4436000000000012e-05
41,72,19,328,6916,1692,1.4100000000000016e-05
41,73,19,362,6433,1590,1.7072000000000015e-05
41,74,19,327,6701,1656,1.6228000000000025e-05
41,75,19,327,6589,1617,1.419600000000002e-05
41,76,19,311,6627,1638,1.3684000000000008e-05
41,77,19,297,6618,1604,1.4556000000000021e-05
41,78,19,353,7514,1824,1.855600000000003e-05
41,79,19,276,6564,1584,1.2972000000000006e-05
41,80,19,393,7108,1729,1.536400000000002e-05
41,81,19,300,6416,1554,1.2524000000000002e-05
41,82,19,360,6897,1677,1.4564000000000022e-05
41,83,19,322,6689,1637,1.6148000000000026e-05
41,84,19,327,7164,1746,1.569600000000003e-05
41,85,19,355,7274,1787,1.4980000000000016e-05
41,86,19,451,6696,1639,1.7516000000000034e-05
41,87,19,395,6600,1610,1.6140000000000025e-05
41,88,19,323,6443,1583,1.3316000000000013e-05
41,89,19,324,6836,1671,1.5452000000000028e-05
41,90,19,417,6360,1559,1.6336000000000018e-05
41,91,19,322,6112,1498,1.3380000000000007e-05
41,92,19,359,7073,1726,1.7444000000000035e-05
41,93,19,335,6631,1610,1.3684000000000015e-05
41,94,19,323,6758,1658,1.4012000000000011e-05
41,95,19,347,6675,1625,1.4084000000000013e-05
41,96,19,316,6522,1596,1.4164000000000019e-05
41,97,19,358,7046,1703,1.4620000000000014e-05
41,98,19,335,6928,1692,1.520400000000002e-05
41,99,19,325,6965,1707,1.4436000000000012e-05
41,100,19,308,6189,1515,1.403600000000001e-05
41,101,19,324,6651,1629,1.4436000000000012e-05
41,102,19,309,6593,1598,1.4380000000000011e-05
41,103,19,325,6032,1497,1.5452000000000028e-05
41,104,19,325,6665,1630,1.4388000000000012e-05
41,105,19,323,7129,1738,1.4508000000000013e-05
41,106,19,332,6405,1582,1.4436000000000012e-05
41,107,19,361,6876,1676,1.560000000000003e-05
41,108,19,354,6743,1651,1.7344000000000012e-05
41,109,19,328,6936,1680,1.410000000000001e-05
41,110,19,331,6434,1584,1.4644000000000014e-05
41,111,19,352,6555,1606,1.534000000000002e-05
41,112,19,354,6470,1587,1.4148000000000014e-05
41,113,19,347,7308,1760,1.5036000000000015e-05
41,114,19,381,6728,1636,1.4712000000000031e-05
41,115,19,357,6599,1624,1.4388000000000014e-05
41,116,19,327,6885,1652,1.570000000000003e-05
41,117,19,281,6166,1531,1.3388000000000006e-05
41,118,19,332,7061,1731,1.398000000000001e-05
41,119,19,355,7028,1690,1.3724000000000011e-05
41,120,19,325,6250,1525,1.4228000000000012e-05
41,121,19,287,6599,1620,1.3420000000000007e-05
41,122,19,323,6866,1681,1.394800000000001e-05
41,123,19,328,6928,1681,1.4692000000000023e-05
41,124,19,430,7313,1771,1.710000000000003e-05
41,125,19,322,6580,1598,1.473200000000002e-05
41,126,19,325,6809,1649,1.520400000000002e-05
41,127,19,323,7041,1736,1.4404000000000012e-05
41,128,19,266,6658,1632,1.2756000000000005e-05
41,129,19,351,6278,1540,1.528400000000002e-05
41,130,19,270,6256,1533,1.2148e-05
41,131,19,404,6970,1699,1.710000000000003e-05
41,132,19,328,6523,1608,1.4580000000000013e-05
41,133,19,305,6874,1679,1.3532000000000009e-05
41,134,14,331,5066,1236,1.4236000000000012e-05
42,0,19,323,7041,1722,1.4196000000000011e-05
42,1,19,361,7140,1734,1.5124000000000015e-05
42,2,19,351,6780,1657,1.410000000000001e-05
42,3,19,313,6205,1522,1.4196000000000016e-05
42,4,19,324,6537,1599,1.4868000000000014e-05
42,5,19,362,6792,1655,1.4276000000000015e-05
42,6,19,358,6818,1656,1.6048000000000027e-05
42,7,19,281,6591,1629,1.2788000000000004e-05
42,8,19,351,6386,1568,1.4564000000000015e-05
42,9,19,362,6866,1685,1.4684000000000014e-05
42,10,19,319,6501,1601,1.4324000000000012e-05
42,11,19,393,6939,1665,1.4904000000000034e-05
42,12,19,320,6775,1650,1.4108000000000011e-05
42,13,19,357,6995,1711,1.4620000000000014e-05
42,14,19,275,6582,1600,1.2756000000000005e-05
42,15,19,324,6556,1601,1.3236000000000007e-05
42,16,19,323,6907,1685,1.3556000000000007e-05
42,17,19,323,6564,1598,1.672400000000003e-05
42,18,19,322,7049,1726,1.3684000000000008e-05
42,19,19,375,7683,1873,1.580400000000002e-05
42,20,19,355,6609,1611,1.3688000000000025e-05
42,21,19,352,7132,1727,1.534000000000002e-05
42,22,19,357,6906,1684,1.5124000000000015e-05
42,23,19,310,6204,1541,1.4324000000000012e-05
42,24,19,405,7523,1823,1.6000000000000023e-05
42,25,19,357,6593,1601,1.4692000000000016e-05
42,26,19,362,6837,1662,1.4224000000000027e-05
42,27,19,297,6122,1499,1.3108000000000004e-05
42,28,19,328,6658,1636,1.651600000000003e-05
42,29,19,355,7333,1777,1.4564000000000022e-05
42,30,19,335,7140,1742,1.4268000000000013e-05
42,31,19,343,6854,1686,1.5124000000000015e-05
42,32,19,325,6462,1581,1.3236000000000007e-05
42,33,19,360,6725,1659,1.810800000000003e-05
42,34,19,341,6850,1661,1.4644000000000014e-05
42,35,19,321,6513,1615,1.4108000000000011e-05
42,36,19,344,7154,1725,1.5036000000000015e-05
42,37,19,330,6955,1702,1.6820000000000035e-05
42,38,19,333,6163,1515,1.3596000000000008e-05
42,39,19,357,7140,1723,1.7700000000000037e-05
42,40,19,323,6739,1649,1.3532000000000009e-05
42,41,19,360,6920,1698,1.5492000000000027e-05
42,42,19,357,6566,1599,1.4388000000000014e-05
42,43,19,384,6944,1682,1.523600000000002e-05
42,44,19,385,7273,1773,1.544400000000002e-05
42,45,19,309,6697,1638,1.3676000000000008e-05
42,46,19,366,6812,1662,1.4320000000000027e-05
42,47,19,327,7229,1758,1.5712000000000032e-05
42,48,19,276,6413,1583,1.4644000000000021e-05
42,49,19,325,6369,1543,1.4436000000000012e-05
42,50,19,315,6758,1643,1.5712000000000032e-05
42,51,19,299,6455,1583,1.2644000000000008e-05
42,52,19,323,7302,1792,1.354000000000001e-05
42,53,19,302,6623,1627,1.396400000000001e-05
42,54,19,323,6875,1662,1.4012000000000011e-05
42,55,19,278,6323,1549,1.5220000000000022e-05
42,56,19,384,7460,1818,1.5300000000000023e-05
42,57,19,322,7072,1727,1.4012000000000011e-05
42,58,19,364,6870,1678,1.4452000000000015e-05
42,59,19,281,6579,1627,1.2812000000000004e-05
42,60,19,327,7124,1726,1.4196000000000011e-05
42,61,19,358,7357,1800,1.5180000000000022e-05
42,62,19,345,7075,1729,1.5188000000000016e-05
42,63,19,353,7016,1719,1.5276000000000025e-05
42,64,19,347,6857,1678,1.5100000000000016e-05
42,65,19,308,6320,1555,1.394800000000001e-05
42,66,19,356,6868,1666,1.4892000000000014e-05
42,67,19,403,6839,1678,1.710000000000003e-05
42,68,19,331,6953,1703,1.3596000000000008e-05
42,69,19,384,6848,1676,1.600400000000002e-05
42,70,19,342,6583,1622,1.4684000000000016e-05
42,71,19,318,6484,1578,1.4012000000000011e-05
42,72,19,353,6811,1660,1.4796000000000016e-05
42,73,19,332,6729,1652,1.4436000000000012e-05
42,74,19,331,6539,1599,1.3188000000000008e-05
42,75,19,322,6285,1540,1.3060000000000007e-05
42,76,19,375,7115,1742,1.6244000000000023e-05
42,77,19,376,7083,1731,1.6244000000000023e-05
42,78,19,356,6279,1530,1.4980000000000016e-05
42,79,19,316,6982,1687,1.4012000000000011e-05
42,80,19,362,6716,1646,1.4684000000000014e-05
42,81,19,292,6189,1514,1.2652000000000002e-05
42,82,19,263,5927,1452,1.2259999999999998e-05
42,83,19,393,7171,1752,1.577200000000002e-05
42,84,19,346,6446,1555,1.5100000000000016e-05
42,85,19,316,6616,1617,1.4284000000000016e-05
42,86,19,322,7002,1697,1.407600000000001e-05
42,87,19,319,6742,1655,1.5548000000000028e-05
42,88,19,332,6629,1622,1.4012000000000011e-05
42,89,19,331,6947,1689,1.569600000000003e-05
42,90,19,356,6999,1732,1.4420000000000014e-05
42,91,19,414,6751,1647,1.709200000000003e-05
42,92,19,348,6804,1663,1.4644000000000014e-05
42,93,19,376,7366,1789,1.5972000000000023e-05
42,94,19,332,6366,1548,1.3596000000000008e-05
42,95,19,402,6807,1664,1.5900000000000024e-05
42,96,19,327,6694,1628,1.3708000000000013e-05
42,97,19,334,6983,1711,1.6144000000000024e-05
42,98,19,327,6628,1623,1.4540000000000013e-05
42,99,19,323,6241,1549,1.3804000000000014e-05
42,100,19,352,7379,1784,1.4556000000000021e-05
42,101,19,332,7374,1790,1.386800000000001e-05
42,102,19,362,6430,1564,1.4684000000000014e-05
42,103,19,337,6949,1693,1.3692000000000009e-05
42,104,19,351,6670,1615,1.5812000000000024e-05
42,105,19,349,6936,1693,1.4084000000000013e-05
42,106,19,304,5974,1456,1.2828000000000005e-05
42,107,19,355,6852,1666,1.672400000000003e-05
42,108,19,331,7062,1723,1.4068000000000015e-05
42,109,19,356,6857,1678,1.4148000000000014e-05
42,110,19,385,7169,1748,1.560000000000003e-05
42,111,19,356,6881,1675,1.552400000000002e-05
42,112,19,323,7063,1720,1.410000000000001e-05
42,113,19,293,6668,1634,1.3420000000000007e-05
42,114,19,350,6627,1636,1.5196000000000017e-05
42,115,19,348,7038,1709,1.4380000000000011e-05
42,116,19,330,6746,1654,1.3708000000000013e-05
42,117,19,323,6787,1649,1.4452000000000013e-05
42,118,19,310,6587,1615,1.3676000000000008e-05
42,119,19,411,7070,1732,1.6436000000000024e-05
42,120,19,356,6349,1551,1.4772000000000015e-05
42,121,19,321,6545,1620,1.3612000000000008e-05
42,122,19,333,6617,1622,1.4564000000000013e-05
42,123,19,352,6278,1563,1.4180000000000013e-05
42,124,19,383,6339,1571,1.8288000000000005e-05
42,125,19,351,7259,1763,1.528400000000002e-05
42,126,19,330,7149,1731,1.4196000000000011e-05
42,127,19,267,6055,1494,1.1667999999999997e-05
42,128,19,321,6426,1547,1.4108000000000011e-05
42,129,19,395,7110,1746,1.6428000000000023e-05
42,130,19,323,6757,1671,1.577600000000003e-05
42,131,19,321,7310,1776,1.577600000000003e-05
42,132,19,371,7023,1735,1.6048000000000027e-05
42,133,19,323,6757,1649,1.4108000000000011e-05
42,134,14,355,4970,1206,1.4772000000000015e-05
43,0,19,375,7103,1742,1.5156000000000015e-05
43,1,19,328,6555,1613,1.4444000000000013e-05
43,2,19,334,6661,1613,1.4012000000000011e-05
43,3,19,322,6207,1513,1.3236000000000007e-05
43,4,19,350,7452,1816,1.4436000000000012e-05
43,5,19,366,6854,1666,1.3804000000000012e-05
43,6,19,351,6386,1566,1.4436000000000012e-05
43,7,19,353,7057,1730,1.4644000000000014e-05
43,8,19,328,7054,1706,1.4012000000000011e-05
43,9,19,418,7260,1760,1.7996000000000026e-05
43,10,19,324,6921,1697,1.4228000000000012e-05
43,11,19,332,6731,1663,1.406800000000002e-05
43,12,19,329,6854,1670,1.5300000000000023e-05
43,13,19,384,7011,1698,1.526800000000002e-05
43,14,19,331,6809,1664,1.4644000000000014e-05
43,15,19,384,6606,1623,1.534800000000002e-05
43,16,19,352,7197,1764,1.4148000000000014e-05
43,17,19,287,6641,1625,1.3924000000000016e-05
43,18,19,347,7400,1799,1.4556000000000014e-05
43,19,19,292,6356,1554,1.3068000000000011e-05
43,20,19,359,6889,1678,1.4244000000000013e-05
43,21,19,327,7121,1737,1.4564000000000022e-05
43,22,19,335,7411,1818,1.577600000000003e-05
43,23,19,326,6932,1709,1.4436000000000012e-05
43,24,19,356,7444,1821,1.4436000000000012e-05
43,25,19,327,6961,1701,1.3740000000000009e-05
43,26,19,393,7266,1765,1.5884000000000023e-05
43,27,19,433,7010,1722,1.8356000000000022e-05
43,28,19,331,6821,1665,1.6048000000000027e-05
43,29,19,316,6847,1669,1.410000000000001e-05
43,30,19,354,7109,1732,1.4180000000000013e-05
43,31,19,324,6783,1641,1.4572000000000014e-05
43,32,19,337,6949,1698,1.3692000000000009e-05
43,33,19,362,6984,1704,1.4532000000000013e-05
43,34,19,318,6856,1683,1.369200000000001e-05
43,35,19,297,6765,1649,1.623600000000003e-05
43,36,19,329,7032,1715,1.4532000000000013e-05
43,37,19,386,6892,1692,1.4984000000000033e-05
43,38,19,329,6684,1628,1.3332000000000007e-05
43,39,19,322,6394,1542,1.4100000000000016e-05
43,40,19,328,6660,1630,1.3676000000000008e-05
43,41,19,348,6503,1596,1.4556000000000014e-05
43,42,19,357,6723,1657,1.4324000000000014e-05
43,43,19,331,6253,1558,1.3820000000000012e-05
43,44,19,351,6527,1603,1.4516000000000018e-05
43,45,19,341,6883,1692,1.5036000000000015e-05
43,46,19,394,7738,1862,1.554000000000002e-05
43,47,19,332,6836,1657,1.3596000000000008e-05
43,48,19,382,6605,1612,1.541200000000002e-05
43,49,19,351,7118,1723,1.4740000000000015e-05
43,50,19,312,6582,1608,1.4476000000000012e-05
43,51,19,355,6689,1623,1.4420000000000013e-05
43,52,19,352,6496,1582,1.4796000000000016e-05
43,53,19,413,6764,1631,1.6548000000000025e-05
43,54,19,359,6982,1720,1.558800000000002e-05
43,55,19,301,6272,1541,1.3556000000000007e-05
43,56,19,325,6599,1598,1.363600000000001e-05
43,57,19,357,7258,1781,1.552400000000002e-05
43,58,19,340,6859,1670,1.5412000000000018e-05
43,59,19,363,7217,1764,1.4940000000000018e-05
43,60,19,350,6852,1691,1.5164000000000016e-05
43,61,19,359,6775,1654,1.5260000000000017e-05
43,62,19,394,7169,1742,1.577200000000002e-05
43,63,19,326,6527,1589,1.486000000000002e-05
43,64,19,349,6591,1609,1.4260000000000013e-05
43,65,19,351,7113,1735,1.4556000000000013e-05
43,66,19,339,6502,1605,1.4764000000000013e-05
43,67,19,420,7472,1806,1.5960000000000023e-05
43,68,19,322,6959,1698,1.3708000000000013e-05
43,69,19,353,6851,1672,1.4404000000000012e-05
43,70,19,333,7024,1707,1.4644000000000014e-05
43,71,19,396,7122,1734,1.6428000000000023e-05
43,72,19,415,7317,1783,1.6040000000000026e-05
43,73,19,361,7055,1711,1.4684000000000014e-05
43,74,19,314,6607,1615,1.3196000000000005e-05
43,75,19,317,7160,1740,1.4372000000000012e-05
43,76,19,336,6505,1583,1.4708000000000014e-05
43,77,19,327,6966,1688,1.4324000000000012e-05
43,78,19,349,6555,1603,1.680000000000002e-05
43,79,19,332,6800,1666,1.3596000000000008e-05
43,80,19,354,6247,1548,1.3688000000000025e-05
43,81,19,360,7169,1746,1.566800000000002e-05
43,82,19,386,6617,1623,1.5708000000000023e-05
43,83,19,324,6295,1550,1.4436000000000012e-05
43,84,19,355,6597,1605,1.566800000000002e-05
43,85,19,389,6767,1647,1.6068000000000023e-05
43,86,19,331,6671,1624,1.3596000000000008e-05
43,87,19,330,6605,1629,1.472400000000002e-05
43,88,19,359,6832,1678,1.4620000000000014e-05
43,89,19,294,6018,1477,1.3300000000000006e-05
43,90,19,275,6531,1601,1.2812000000000005e-05
43,91,19,351,7025,1707,1.528400000000002e-05
43,92,19,322,6800,1662,1.3556000000000007e-05
43,93,19,286,6036,1495,1.3924000000000016e-05
43,94,19,303,6662,1623,1.3508000000000009e-05
43,95,19,322,6527,1606,1.5308000000000024e-05
43,96,19,414,6941,1671,1.6356000000000024e-05
43,97,19,358,7074,1722,1.4436000000000012e-05
43,98,19,335,7062,1716,1.410000000000001e-05
43,99,19,352,6287,1547,1.4180000000000013e-05
43,100,19,356,6704,1646,1.552400000000002e-05
43,101,19,362,6839,1647,1.4284000000000016e-05
43,102,19,343,7086,1731,1.4828000000000015e-05
43,103,19,351,6909,1687,1.4324000000000014e-05
43,104,19,389,7059,1719,1.6364000000000025e-05
43,105,19,302,6743,1649,1.333200000000001e-05
43,106,19,359,6692,1644,1.5668000000000027e-05
43,107,19,382,7182,1754,1.534800000000002e-05
43,108,19,296,6796,1656,1.3748000000000018e-05
43,109,19,416,6754,1639,1.586400000000003e-05
43,110,19,369,7334,1783,1.582800000000002e-05
43,111,19,415,7527,1826,1.5864000000000026e-05
43,112,19,358,6945,1696,1.485200000000002e-05
43,113,19,324,7325,1779,1.3452000000000008e-05
43,114,19,335,6970,1698,1.4196000000000011e-05
43,115,19,332,6991,1689,1.577600000000003e-05
43,116,19,395,7233,1781,1.6908000000000025e-05
43,117,19,409,6597,1605,1.745200000000003e-05
43,118,19,393,6872,1662,1.4904000000000034e-05
43,119,19,394,6881,1680,1.6428000000000023e-05
43,120,19,354,6511,1581,1.4196000000000011e-05
43,121,19,387,7235,1766,1.6612000000000027e-05
43,122,19,335,7204,1758,1.4580000000000018e-05
43,123,19,341,7300,1776,1.5580000000000027e-05
43,124,19,324,6240,1537,1.384400000000001e-05
43,125,19,282,6818,1663,1.4164000000000019e-05
43,126,19,325,6590,1614,1.4140000000000012e-05
43,127,19,357,6502,1579,1.552400000000002e-05
43,128,19,322,6770,1638,1.3676000000000008e-05
43,129,19,348,6349,1549,1.419600000000002e-05
43,130,19,322,6452,1579,1.4164000000000019e-05
43,131,19,328,6276,1538,1.3356000000000007e-05
43,132,19,325,6715,1642,1.5276000000000025e-05
43,133,19,336,7024,1726,1.4708000000000014e-05
43,134,14,325,5135,1260,1.4436000000000012e-05
44,0,19,316,6447,1570,1.4100000000000016e-05
44,1,19,367,7381,1788,1.4748000000000015e-05
44,2,19,349,6850,1677,1.4260000000000011e-05
44,3,19,359,7097,1736,1.562000000000002e-05
44,4,19,361,7301,1763,1.4380000000000013e-05
44,5,19,315,7071,1728,1.381200000000001e-05
44,6,19,361,6713,1639,1.562000000000002e-05
44,7,19,351,6891,1695,1.5460000000000018e-05
44,8,19,301,6918,1685,1.3452000000000008e-05
44,9,19,351,6844,1671,1.4084000000000013e-05
44,10,19,271,6824,1659,1.348400000000001e-05
44,11,19,325,6522,1584,1.7868000000000033e-05
44,12,19,317,6725,1638,1.410000000000001e-05
44,13,19,343,7084,1731,1.4860000000000014e-05
44,14,19,358,7531,1831,1.488400000000002e-05
44,15,19,326,6303,1550,1.3780000000000009e-05
44,16,19,362,6953,1703,1.4684000000000014e-05
44,17,19,363,7217,1761,1.4684000000000014e-05
44,18,19,299,6211,1506,1.3364000000000008e-05
44,19,19,357,6109,1497,1.4244000000000013e-05
44,20,19,330,6797,1661,1.403600000000002e-05
44,21,19,350,6588,1614,1.534000000000002e-05
44,22,19,263,6180,1518,1.2692000000000003e-05
44,23,19,333,7214,1751,1.4228000000000012e-05
44,24,19,346,6825,1675,1.5132000000000015e-05
44,25,19,363,6947,1701,1.4916000000000021e-05
44,26,19,325,6828,1664,1.396400000000001e-05
44,27,19,392,7274,1781,1.577200000000002e-05
44,28,19,320,6715,1640,1.4164000000000019e-05
44,29,19,324,6284,1529,1.3060000000000007e-05
44,30,19,346,7119,1730,1.5220000000000015e-05
44,31,19,363,6435,1576,1.573200000000002e-05
44,32,19,327,6720,1650,1.357200000000001e-05
44,33,19,323,6702,1641,1.4548000000000012e-05
44,34,19,315,6729,1639,1.4012000000000011e-05
44,35,19,359,7279,1789,1.5628000000000024e-05
44,36,19,333,6810,1658,1.4644000000000014e-05
44,37,19,278,5980,1459,1.5548000000000028e-05
44,38,19,342,6817,1667,1.5036000000000015e-05
44,39,19,323,6814,1666,1.4196000000000016e-05
44,40,19,364,6875,1679,1.5108000000000017e-05
44,41,19,340,7213,1751,1.4564000000000022e-05
44,42,19,326,6658,1612,1.2996000000000006e-05
44,43,19,294,6106,1504,1.3508000000000009e-05
44,44,19,331,7101,1741,1.4644000000000014e-05
44,45,19,392,6727,1646,1.7004000000000026e-05
44,46,19,319,7127,1722,1.482800000000002e-05
44,47,19,391,7130,1742,1.935999999999999e-05
44,48,19,270,6719,1654,1.3556000000000014e-05
44,49,19,316,6055,1491,1.4012000000000011e-05
44,50,19,276,6077,1484,1.3172000000000005e-05
44,51,19,292,6365,1566,1.3780000000000009e-05
44,52,19,343,7069,1727,1.645200000000003e-05
44,53,19,346,6935,1675,1.5100000000000016e-05
44,54,19,383,6844,1663,1.6428000000000023e-05
44,55,19,301,6645,1626,1.3828000000000016e-05
44,56,19,363,6897,1687,1.4108000000000011e-05
44,57,19,416,7265,1748,1.633200000000003e-05
44,58,19,364,7538,1821,1.6956000000000032e-05
44,59,19,316,6502,1595,1.410000000000001e-05
44,60,19,334,7088,1709,1.4564000000000013e-05
44,61,19,331,6963,1713,1.3596000000000008e-05
44,62,19,362,6387,1573,1.7168000000000016e-05
44,63,19,314,6648,1627,1.3316000000000013e-05
44,64,19,371,6949,1696,1.9695999999999992e-05
44,65,19,321,6484,1583,1.560000000000003e-05
44,66,19,323,6625,1634,1.358000000000001e-05
44,67,19,359,6902,1695,1.4620000000000014e-05
44,68,19,364,6660,1629,1.5652000000000022e-05
44,69,19,395,6294,1547,1.6972000000000027e-05
44,70,19,331,6520,1585,1.3508000000000009e-05
44,71,19,323,7384,1787,1.485200000000002e-05
44,72,19,391,7320,1771,1.6908000000000025e-05
44,73,19,346,6578,1603,1.5100000000000016e-05
44,74,19,330,7322,1787,1.4532000000000013e-05
44,75,19,332,7264,1760,1.600400000000003e-05
44,76,19,327,6572,1607,1.4196000000000011e-05
44,77,19,360,6581,1630,1.810800000000003e-05
44,78,19,313,6901,1681,1.3172000000000005e-05
44,79,19,275,6326,1562,1.2940000000000007e-05
44,80,19,332,6757,1657,1.6236000000000025e-05
44,81,19,415,7113,1740,1.589600000000003e-05
44,82,19,354,6528,1585,1.4148000000000014e-05
44,83,19,326,6991,1718,1.4140000000000012e-05
44,84,19,295,6714,1644,1.3260000000000012e-05
44,85,19,384,7130,1744,1.4868000000000014e-05
44,86,19,442,7059,1719,1.7940000000000028e-05
44,87,19,322,6865,1675,1.419600000000002e-05
44,88,19,330,6131,1490,1.385200000000001e-05
44,89,19,327,6730,1625,1.3972000000000011e-05
44,90,19,274,6190,1534,1.3172000000000005e-05
44,91,19,327,6725,1646,1.3740000000000009e-05
44,92,19,289,5919,1459,1.2652000000000002e-05
44,93,19,314,6535,1605,1.3316000000000013e-05
44,94,19,293,6840,1683,1.308400000000001e-05
44,95,19,314,6789,1659,1.4324000000000012e-05
44,96,19,326,6601,1629,1.4436000000000012e-05
44,97,19,406,6967,1699,1.5604000000000022e-05
44,98,19,332,6291,1549,1.4564000000000013e-05
44,99,19,370,7216,1769,1.4352000000000028e-05
44,100,19,363,6964,1693,1.403600000000001e-05
44,101,19,331,6928,1696,1.3596000000000008e-05
44,102,19,333,6934,1674,1.4564000000000013e-05
44,103,19,416,7167,1744,1.6040000000000026e-05
44,104,19,333,6777,1667,1.4564000000000013e-05
44,105,19,300,6658,1586,1.2876000000000005e-05
44,106,19,316,6755,1658,1.6052000000000025e-05
44,107,19,355,6424,1574,1.4620000000000014e-05
44,108,19,390,7071,1701,1.5308000000000024e-05
44,109,19,330,6708,1638,1.3332000000000007e-05
44,110,19,309,6514,1600,1.394800000000001e-05
44,111,19,324,6933,1694,1.4436000000000012e-05
44,112,19,350,6653,1620,1.570000000000003e-05
44,113,19,296,6558,1608,1.298800000000001e-05
44,114,19,316,6884,1676,1.4012000000000011e-05
44,115,19,335,6616,1610,1.5396000000000027e-05
44,116,19,350,6843,1667,1.4564000000000015e-05
44,117,19,328,6639,1633,1.5124000000000023e-05
44,118,19,355,7508,1829,1.4548000000000012e-05
44,119,19,382,7367,1788,1.600400000000002e-05
44,120,19,336,7180,1732,1.4660000000000022e-05
44,121,19,323,6070,1488,1.485200000000002e-05
44,122,19,346,6750,1655,1.4644000000000014e-05
44,123,19,348,7221,1756,1.5132000000000017e-05
44,124,19,332,7026,1716,1.5276000000000025e-05
44,125,19,332,6785,1659,1.570000000000003e-05
44,126,19,328,6754,1643,1.3132000000000007e-05
44,127,19,340,6629,1623,1.4196000000000011e-05
44,128,19,354,6819,1658,1.4980000000000023e-05
44,129,19,301,6616,1609,1.3300000000000006e-05
44,130,19,374,7035,1718,1.5372000000000018e-05
44,131,19,354,7012,1711,1.552400000000002e-05
44,132,19,339,6601,1620,1.7316000000000035e-05
44,133,19,362,6537,1608,1.4644000000000014e-05
44,134,14,335,4850,1192,1.366800000000001e-05
45,0,19,335,6832,1673,1.419600000000002e-05
45,1,19,298,6831,1677,1.3820000000000012e-05
45,2,19,382,7300,1761,1.5172000000000018e-05
45,3,19,395,7033,1704,1.6428000000000023e-05
45,4,19,332,6708,1629,1.4700000000000017e-05
45,5,19,323,6602,1611,1.339600000000001e-05
45,6,19,357,7388,1805,1.552400000000002e-05
45,7,19,330,7164,1737,1.4236000000000012e-05
45,8,19,330,6991,1696,1.390800000000001e-05
45,9,19,314,6895,1689,1.3740000000000009e-05
45,10,19,316,6888,1683,1.4012000000000011e-05
45,11,19,295,6700,1634,1.3948000000000016e-05
45,12,19,352,6641,1616,1.5196000000000017e-05
45,13,19,356,7649,1866,1.4884000000000022e-05
45,14,19,278,6248,1545,1.2724000000000004e-05
45,15,19,385,7311,1766,1.523600000000002e-05
45,16,19,347,6530,1590,1.5188000000000016e-05
45,17,19,336,7504,1830,1.6140000000000025e-05
45,18,19,332,6200,1517,1.348400000000001e-05
45,19,19,352,6769,1664,1.3688000000000025e-05
45,20,19,354,6866,1672,1.4532000000000013e-05
45,21,19,395,7405,1805,1.577200000000002e-05
45,22,19,367,7382,1799,1.4780000000000014e-05
45,23,19,333,6591,1612,1.360400000000001e-05
45,24,19,329,6200,1517,1.4580000000000013e-05
45,25,19,327,7069,1733,1.347600000000001e-05
45,26,19,346,6594,1597,1.5132000000000015e-05
45,27,19,392,7574,1842,1.6756000000000024e-05
45,28,19,366,6525,1605,1.590400000000003e-05
45,29,19,354,7069,1715,1.4564000000000013e-05
45,30,19,317,6523,1597,1.4644000000000021e-05
45,31,19,383,7657,1858,1.523600000000002e-05
45,32,19,321,7415,1813,1.410000000000001e-05
45,33,19,355,6636,1632,1.4436000000000012e-05
45,34,19,323,6174,1502,1.3060000000000007e-05
45,35,19,326,6672,1634,1.4436000000000012e-05
45,36,19,328,6524,1581,1.378000000000001e-05
45,37,19,354,6661,1625,1.4324000000000014e-05
45,38,19,361,7329,1777,1.7900000000000032e-05
45,39,19,350,6690,1623,1.4084000000000013e-05
45,40,19,350,6581,1595,1.4916000000000021e-05
45,41,19,361,7521,1823,1.5556000000000022e-05
45,42,19,355,7000,1715,1.4388000000000014e-05
45,43,19,323,6332,1560,1.3236000000000007e-05
45,44,19,322,6507,1592,1.3068000000000006e-05
45,45,19,354,6351,1540,1.4324000000000014e-05
45,46,19,380,6883,1678,1.582000000000002e-05
45,47,19,349,6811,1672,1.4436000000000012e-05
45,48,19,426,7863,1915,1.6696000000000014e-05
45,49,19,362,7678,1855,1.6956000000000032e-05
45,50,19,332,6743,1643,1.569600000000003e-05
45,51,19,335,7458,1820,1.6144000000000024e-05
45,52,19,325,6294,1544,1.4436000000000012e-05
45,53,19,367,7119,1752,1.618000000000002e-05
45,54,19,390,7091,1755,1.570800000000002e-05
45,55,19,320,6142,1514,1.3292000000000006e-05
45,56,19,352,6753,1650,1.4924000000000015e-05
45,57,19,353,7080,1722,1.5460000000000018e-05
45,58,19,327,6843,1692,1.587200000000003e-05
45,59,19,384,6754,1632,1.4776000000000033e-05
45,60,19,328,6818,1675,1.5668000000000027e-05
45,61,19,325,7007,1694,1.410000000000001e-05
45,62,19,328,6510,1604,1.3420000000000007e-05
45,63,19,351,6852,1673,1.528400000000002e-05
45,64,19,327,7678,1850,1.4708000000000019e-05
45,65,19,323,6410,1595,1.3420000000000007e-05
45,66,19,324,6620,1621,1.4500000000000022e-05
45,67,19,297,6441,1580,1.3556000000000014e-05
45,68,19,351,7032,1708,1.636400000000003e-05
45,69,19,313,6802,1653,1.4444000000000013e-05
45,70,19,356,7881,1933,1.5628000000000024e-05
45,71,19,309,6489,1594,1.406800000000002e-05
45,72,19,331,7210,1757,1.4100000000000016e-05
45,73,19,304,6598,1619,1.3828000000000016e-05
45,74,19,316,6648,1626,1.478800000000002e-05
45,75,19,379,6647,1611,1.4712000000000031e-05
45,76,19,358,6758,1640,1.4436000000000012e-05
45,77,19,304,6781,1670,1.4164000000000019e-05
45,78,19,348,6869,1676,1.5728000000000033e-05
45,79,19,322,6290,1546,1.410000000000001e-05
45,80,19,334,6932,1691,1.410000000000001e-05
45,81,19,362,6512,1588,1.4276000000000015e-05
45,82,19,326,6315,1536,1.3356000000000007e-05
45,83,19,331,7258,1769,1.410000000000001e-05
45,84,19,435,7191,1757,1.8188000000000023e-05
45,85,19,324,6452,1589,1.3236000000000007e-05
45,86,19,342,7036,1711,1.5124000000000015e-05
45,87,19,357,6938,1692,1.3784000000000024e-05
45,88,19,393,7071,1726,1.7344000000000012e-05
45,89,19,420,7648,1853,1.7404000000000032e-05
45,90,19,352,6768,1663,1.4796000000000016e-05
45,91,19,327,7051,1712,1.3708000000000013e-05
45,92,19,331,7663,1873,1.4436000000000012e-05
45,93,19,320,6729,1629,1.3236000000000007e-05
45,94,19,317,6711,1635,1.410000000000001e-05
45,95,19,297,6443,1585,1.3052000000000006e-05
45,96,19,390,7154,1748,1.6908000000000025e-05
45,97,19,297,6485,1586,1.2452000000000002e-05
45,98,19,354,7310,1779,1.6048000000000027e-05
45,99,19,358,7399,1804,1.562000000000002e-05
45,100,19,303,7049,1723,1.4316000000000012e-05
45,101,19,436,6909,1666,1.7004000000000026e-05
45,102,19,357,6776,1667,1.4420000000000014e-05
45,103,19,369,6732,1607,1.582800000000002e-05
45,104,19,355,6959,1692,1.552400000000002e-05
45,105,19,334,7036,1710,1.5348000000000016e-05
45,106,19,339,6836,1676,1.4620000000000014e-05
45,107,19,385,6346,1562,1.4700000000000017e-05
45,108,19,348,7388,1799,1.5188000000000016e-05
45,109,19,350,6680,1622,1.4084000000000013e-05
45,110,19,331,6640,1621,1.4444000000000013e-05
45,111,19,331,7016,1697,1.3652000000000014e-05
45,112,19,318,7278,1796,1.383600000000001e-05
45,113,19,355,6562,1605,1.3864000000000025e-05
45,114,19,404,6744,1658,1.710000000000003e-05
45,115,19,350,7242,1783,1.549200000000002e-05
45,116,19,360,6721,1638,1.558800000000002e-05
45,117,19,342,6862,1693,1.4612000000000014e-05
45,118,19,330,6931,1684,1.3652000000000008e-05
45,119,19,389,6684,1632,1.5248000000000033e-05
45,120,19,290,7053,1728,1.3452000000000008e-05
45,121,19,417,6981,1705,1.7732000000000026e-05
45,122,19,332,6449,1577,1.4644000000000014e-05
45,123,19,370,7195,1744,1.4812000000000017e-05
45,124,19,323,6652,1624,1.3556000000000014e-05
45,125,19,379,6767,1666,1.5556000000000022e-05
45,126,19,357,7405,1798,1.4980000000000016e-05
45,127,19,330,6659,1623,1.4532000000000013e-05
45,128,19,335,6842,1659,1.396400000000001e-05
45,129,19,331,7108,1755,1.5580000000000027e-05
45,130,19,347,6694,1636,1.5220000000000015e-05
45,131,19,359,6771,1659,1.4620000000000014e-05
45,132,19,293,6450,1593,1.2628000000000003e-05
45,133,19,346,6716,1629,1.5188000000000016e-05
45,134,14,322,5288,1290,1.3380000000000007e-05
